item_id,product_name,current_ai_code,current_method,confidence,GOLD_CODE_VERIFIED
d10d04c1-3509-4d25-8f87-bf9ff585d6de,PUPPY SMALL BREED - LUVCARE,01.1.9,gemini_ai,0.5000,
b3539b25-7bee-44d9-bf71-fba760fa4e99,កំុអស់សង្ឃឹម,03.1.2,gemini_ai,0.5000,
594e7bf8-bcc8-4e36-90a4-0d1010f352db,DOG DRY FOOD - AMNA,12.3.2,gemini_ai,0.5000,
09b4c77a-da37-4b22-9385-d42283b25b32,PREMIUM KITTEN FOOD CHICKEN FLAVOR - AMNA,05.6.1,gemini_ai,0.5000,
dd5ecca1-4de7-4b46-ad91-ebab111e360a,SENIOR FIT & FIRM 7+ - SMARTHEART,01.1.9,gemini_ai,0.5000,
dd82a30c-5edd-4b2b-8a39-46e51adcab5f,PROFESSIONAL MAXI ADULT - ROYAL CANIN,01.1.9,gemini_ai,0.5000,
54d018dc-b8e1-4e68-91bb-7aa8d3fdf391,SHREDDED MEAL WITH KANGAROO - MY DOG,01.1.9,gemini_ai,0.5000,
f5299b48-15db-4061-98a8-627fa0419cab,ADULT CAT TERRINES - CANAILLOU,01.1.2,gemini_ai,0.5000,
deac94e5-ccb9-4ccc-9fb6-e869953c4d3a,ជប៉ុន,03.1.2,gemini_ai,0.5000,
e2cd47de-b877-4a3d-91c4-cd7878cc0b75,AEON1-ADD UP-1,01.1.9,gemini_ai,0.5000,
e00698d8-162e-47c9-896d-7fce60d11485,CHICKEN MINCED - CANAILLOU,01.1.2,gemini_ai,0.5000,
e0ae63dc-92f8-483a-b865-801a214b1e54,SHREDDED MEAL WITH KANGAROO - MY DOG,01.1.9,gemini_ai,0.5000,
c805a184-86c2-42f0-9990-d092a05328bc,CHICKEN & CARROT MEAT PATÉ - AMNA,01.1.9,gemini_ai,0.5000,
17ef33ba-9d85-4038-85dc-a358d230ff4a,DOG DRY FOOD - AMNA,12.3.2,gemini_ai,0.5000,
c911dcf7-eca0-4b07-9bc6-660de3d3e1d3,AEON1-ADD UP-3,01.1.9,gemini_ai,0.5000,
1017a7f8-fa9f-4e9e-9192-63cce1d1333a,CHICKEN & VEGETABLES - SMARTHEART,01.1.9,gemini_ai,0.5000,
a33954e2-87d5-46da-bc9e-cbf0c121f50b,AEON1-ADD UP-2,05.6.1,gemini_ai,0.5000,
3baf44b4-bc56-4d8d-96c5-199fec11da6e,AEON1-ADD UP-3,01.1.9,gemini_ai,0.5000,
ce7b03cf-964e-4f1a-819c-2d7067ac46f5,PREMIUM KITTEN FOOD CHICKEN FLAVOR - AMNA,05.6.1,gemini_ai,0.5000,
ef99500c-a612-4885-bda1-965443446de9,AEON1-ADD UP-2,05.6.1,gemini_ai,0.5000,
2c68502f-6b1f-492b-90e4-f8e1bb6c680a,CHICKEN & VEGETABLES - SMARTHEART,01.1.9,gemini_ai,0.5000,
9ec9a7b0-f9c4-47bb-9793-2005e6ba35e8,ADULT CAT TERRINES - CANAILLOU,01.1.2,gemini_ai,0.5000,
378446db-0386-4a16-8e44-f3c2c747f91e,AEON1-ADD UP-1,01.1.9,gemini_ai,0.5000,
bcf7587b-2827-4395-9cb0-2c28d1a6d0fd,AEON1-ADD UP-4,01.1.9,gemini_ai,0.5000,
d07e631c-456d-4e67-9668-8b7624df38f9,PROFESSIONAL MINI STARTER - ROYAL CANIN,01.1.2,gemini_ai,0.5000,
01312e5a-9e95-479d-b5a2-05192648533c,LAMB JERKY STRIP - ABSOLUTE HOLISTIC,01.1.9,gemini_ai,0.5000,
d1026a21-133d-4811-9664-beac04a11a19,AEON1-ADD UP-8,01.1.9,gemini_ai,0.5000,
2d4ebc9a-4c61-448f-8535-4d3860a5e479,EXIGENT AROMA - ROYAL CANIN,01.1.9,gemini_ai,0.5000,
5b8cec9a-b69a-4ded-954e-4f492bf26b98,AEON1-ADD UP-4,01.1.9,gemini_ai,0.5000,
d1266e92-c560-4f90-84cf-97f29be4fd3f,LAMB JERKY STICK - ABSOLUTE HOLISTIC,01.1.9,gemini_ai,0.5000,
282671c8-578b-4f71-b0ee-fc025bee104b,POULTRY AND LIVER TERRINE - BELLE FRANCE,01.1.9,gemini_ai,0.5000,
ac39cb09-e8a6-4286-859c-dabd645d099a,ADULT MEDIUM POUCH - ROYAL CANIN,01.1.2,gemini_ai,0.5000,
7b525e6f-bad5-4145-a060-ae07bf38352b,L192 RETAIL ITEM 654869,03.1.2,gemini_ai,0.5000,
d3050e5b-0871-4848-88db-75639ffa3009,CHICKEN & CARROT MEAT PATÉ - AMNA,01.1.9,gemini_ai,0.5000,
64e91ef0-7a11-43b9-86d7-1ebe5e246dc3,PROFESSIONAL MAXI ADULT - ROYAL CANIN,01.1.9,gemini_ai,0.5000,
ed4b4644-c4b3-4280-8b6b-875926e219e2,AEON1-ADD UP-9,01.1.9,gemini_ai,0.5000,
6dd19842-bbd2-4597-bb2c-d1869f0c2fd1,NINE ROSE BOUQUET,01.1.6,gemini_ai,0.5000,
24cca10e-71ca-4fc0-93ce-564208f6649a,25N21C5-TZ-W418 OTHERSOTHERS,03.1.2,gemini_ai,0.5000,
e9231ae8-8874-4132-83b5-7608169f1a3e,ADULT MEDIUM POUCH - ROYAL CANIN,01.1.2,gemini_ai,0.5000,
e3efa399-9954-4de2-9b06-62b860c2ecbc,LAMB JERKY STICK - ABSOLUTE HOLISTIC,01.1.9,gemini_ai,0.5000,
4dd7bf7d-e834-4faf-ac00-c85a652eb3be,EXIGENT AROMA - ROYAL CANIN,01.1.9,gemini_ai,0.5000,
4dfd63fc-e6c4-4b83-8cfd-95e1d015835b,PROFESSIONAL MINI STARTER - ROYAL CANIN,01.1.2,gemini_ai,0.5000,
99b821f0-47cb-448d-a4c5-5f4221f6fddb,AEON GIFT VOUCHER,01.1.8,gemini_ai,0.5000,
7b4ae5bb-65ad-4e2b-9fcf-b0c1a6a072d4,PARROT FOOD - BLUE WHALE,01.1.9,gemini_ai,0.5000,
23c60167-6a9e-46bb-950a-3b1552d1f61f,AEON1-ADD UP-6,01.1.9,gemini_ai,0.5000,
9c55ead5-bd9f-46ab-a039-37a0f201f46f,SENIOR FIT & FIRM 7+ - SMARTHEART,01.1.9,gemini_ai,0.5000,
ad8104e2-9789-4d3d-8c16-d1c068cfd2dc,L192 RETAIL ITEM 477642,03.1.2,gemini_ai,0.5000,
d94027fd-1316-40b1-a64f-e7c30c13915a,MIXED CHICKEN & OCEAN FISH PASTE - KING'S PET,01.1.9,gemini_ai,0.5000,
d941706f-8dfc-4cc8-81a8-69c1c65130bb,LAMB JERKY STRIP - ABSOLUTE HOLISTIC,01.1.9,gemini_ai,0.5000,
5e904947-af56-49e1-b685-b85169edf7e2,POULTRY AND LIVER TERRINE - BELLE FRANCE,01.1.9,gemini_ai,0.5000,
f8b9e3ca-36de-44a0-b22a-e4436aab3d01,25N21C5-TZ-W418 OTHERSOTHERS,03.1.2,gemini_ai,0.5000,
3f029d9e-5a4c-461b-8067-71dfc5ec8909,MIXED CHICKEN & OCEAN FISH PASTE - KING'S PET,01.1.9,gemini_ai,0.5000,
42695781-103b-418b-8c00-3620d8d33ebe,CHICKEN MINCED - CANAILLOU,01.1.2,gemini_ai,0.5000,
e32cacf9-f0d1-42ba-a483-29befe070d0e,NINE ROSE BOUQUET,01.1.6,gemini_ai,0.5000,
3f1a721e-fb30-4b93-a8aa-51d8611e95f1,PARROT FOOD - BLUE WHALE,01.1.9,gemini_ai,0.5000,
a74164fa-7ffa-4963-b715-5132c54361fa,VENOM,01.2.2,gemini_ai,0.6000,
d9590964-63e3-4799-90b9-d08aadc1aac9,VENOM,01.2.2,gemini_ai,0.6000,
07fcab5b-ed22-4578-841d-a6a9317f4136,GIRL SET,03.1.2,gemini_ai,0.7000,
f855f0c1-ca6b-4f63-a073-48908501b5d2,បរាជ័យ,03.1.2,gemini_ai,0.7000,
8e70face-017b-439f-bcac-91950c9ed961,FORTUNE FAMILY (SMALL),01.1.1,gemini_ai,0.7000,
562c1c38-5801-4cad-9acd-a4deb9cc85dc,T HW ESS BSC 10-CAR PK54886-970J-8864,03.1.2,gemini_ai,0.7059,
fdaa5844-5b9c-40a8-8042-a5ae679a546d,RAIN SHIELD CAR REARVIEW MIRROR,07.2.3,gemini_ai,0.8000,
bcc959e5-01bf-433a-9afe-0d173bb69bf5,HITASA CITY BIKE-K20,07.1.2,gemini_ai,0.8000,
1c241460-db75-47c5-ba53-a531ecf6b1f9,ARTIFICIAL GRASS JOINT MAT Y GREEN APPROX 11.8X11.,05.1.1,gemini_ai,0.8000,
adf75f68-3b9b-451f-86ef-fd8ea0318d3e,HORNY GOAT WEED EXTRACT 750MG - NOW FOODS,06.1.1,gemini_ai,0.8000,
3fcb1d4c-f73b-408e-8823-7e1778e9cffe,SWEET TEA-LVJU-SWEET TEA-E-MOTOR BIKE,07.1.2,gemini_ai,0.8000,
4e4da3b1-78f7-4060-8b19-2e59af476281,ORGANIC SPIRULINA POWDER - BACKYARD CAFE,01.1.9,gemini_ai,0.8000,
138979ef-aca3-4610-94d1-76cd42040478,TVHC 649055 INNER BOX -BL-38X26X26,05.5.1,gemini_ai,0.8000,
25337431-6b3a-4cdf-bd9b-f5ec342e85fb,KATHA THOM GOLD ORANGE - ALICE VARINI JEWELRY,12.3.1,gemini_ai,0.8109,
c44243f4-53a5-57ef-886a-0b18f392cd88,King Bed High Floor City View,11.2.0,store_purity,0.850,
2522e2ee-6a84-46c3-89f9-001598922b1d,HIGH-END 3-BEDROOM APARTMENT FOR LEASE – BKK1 REF: KHRA750,04.1.1,store_purity,0.850,
602bc8be-dabd-404c-9660-cefe41703868,MACBOOK AIR M3 13.6INCH ធានាមួយឆ្នាំ,08.2.0,store_purity,0.850,
c60bfef2-d96a-45ca-9fa5-0326ffbc1f5d,HAND GUARDS PROTECTOR FOR HONDA ADV150,07.1.2,store_purity,0.850,
c65f1011-f29c-4756-967c-c365184182e1,GALAXY WATCH ULTRA (2025) 47MM ធានា1ឆ្នាំ (IN-STOCK),08.2.0,store_purity,0.850,
c7d2285b-5ea9-41a7-aac9-e34433af68fa,VIVO V29E 5G 256GB|12+8GB,08.2.0,store_purity,0.850,
c7e62cb2-55eb-4424-b91f-74846fec8563,STERILIZED GAUZE 20CM X 20CM,06.1.2,store_purity,0.850,
c883ab57-ebdd-4491-a7dd-99108c81d7a1,DUREX PERFORMA 1X3PCS,06.1.2,store_purity,0.850,
25534986-32ca-4da2-807f-a8cf585ef216,GALAXY BUD3 ធានាមួយឆ្នាំ,08.2.0,store_purity,0.850,
105a8cb8-a842-45db-ae64-9f3642ab5d9e,BUS TICKET: PHNOM PENH TO HA TIEN (VIRAK BUNTHAM EXPRESS BORDER EXPRESS VAN),07.3.2,store_purity,0.850,
cc9c9aea-535b-469c-90f5-6ee4a8b66333,CELLCARD BIG LOVE (20GB / 7 DAYS),08.3.0,store_purity,0.850,
cd3e280a-972d-531c-ade6-c1dc2886abf3,Sweet & Sour Fish Soup with Morning Glory (Somlor Machou),11.1.1,store_purity,0.850,
cd666c22-0b76-4eeb-a55b-a218ab3412e5,TRIPCIN NHU-T8 CREAM 10G,06.1.2,store_purity,0.850,
cdb0d800-42fb-4e94-b88f-1c3adf19dfef,KHMER RED CURRY CHICKEN WITH CRISPY BAGUETTE,11.1.1,store_purity,0.850,
271ff720-3fc6-4aee-ba46-93465afd368d,AHASTYLE CLEAR CASE FOR GALAXY BUDS3 SOFT TPU PROTECTIVE WG162,08.2.0,store_purity,0.850,
cfa0907c-0b61-517c-bec1-50ce67723c54,Stir-Fried Morning Glory with Oyster Sauce & Garlic,11.1.1,store_purity,0.850,
cfd5b4be-0d2c-41ae-8038-95227b86f1e5,TOOTHPASTE COMPLETE CARE 6 ACTIONS - LABELL,06.1.2,store_purity,0.850,
623ae3ce-e471-4f26-85ee-b3f6e0d21f70,HOUS & LAND,04.1.1,store_purity,0.850,
2765fcf9-4c7e-4989-b778-9c77b1f1e222,BUS TICKET: PHNOM PENH TO BATTAMBANG (CAMBOLINK21 EXPRESS VIP VAN),07.3.2,store_purity,0.850,
10dd69ae-2504-49aa-a09c-12f3ea129116,HONDA PCX 125CC (JAPAN),07.1.2,store_purity,0.850,
d26d4d7f-d2ef-4e0c-aec5-20322340360f,"4 បន្ទប់​ជួល​ស្អាត​បែប​ទាន់​សម័យ​ ឫស្សីកែវ, ភ្ CAKE ពេញ ជួល • ​ ​ 2M² ​ ​ ​",04.1.1,store_purity,0.850,
d29316a8-b0cd-4749-a0e2-0412cdc6e17c,NILLKIN CAMSHIELD FLIP MODERN CASE FOR SAMSUNG GALAXY Z FLIP6,08.2.0,store_purity,0.850,
013c182c-3f64-4e6d-8a06-e6b269ed0f8f,វីឡាទោលសំរាប់ជួលនៅជ្រោយចង្វារ / SINGLE VILLA FOR RENT AT KHAN CHROY CHANGVAR,04.1.1,store_purity,0.850,
6762d784-3cae-4084-9712-48f631c3c09e,OPEN FACE MOTORCYCLE HELMET BUBBLE SHIELD VISOR កញ្ចក់ថ្លា,07.1.2,store_purity,0.850,
679a1eda-fe87-453e-a688-5ef0658091e1,ដី HOUSE សម្រាប់លក់ នៅជិតសាលាបឋមសិក្សាភ្ CAKE ពេញ,04.1.1,store_purity,0.850,
67dc82c3-eebe-4af4-ba8b-dd8be24d3cce,BUS TICKET: PHNOM PENH - SIEM REAP (SEILA ANGKOR KHMER EXPRESS VIP EXPRESS),07.3.2,store_purity,0.850,
d77a8d5f-bf74-49eb-ad29-16179454d402,USED APPLE HOMEPODS 99%,08.2.0,store_purity,0.850,
d7ad9ed7-b381-4c68-a137-4d239e097e1f,VESPA PRIMAVERA 150CC,07.1.2,store_purity,0.850,
d7afb616-8d04-4593-b9c0-283e979f6fe2,TONLE SAP INTERNATIONAL BREAKFAST BUFFET,11.2.0,store_purity,0.850,
d7e4d968-817f-4dca-93e2-77cc51bed07a,DELUXE CITY VIEW ROOM (1 NIGHT),11.2.0,store_purity,0.850,
d7e7a921-bb44-48bb-bc42-69525868b725,XIAOMI ROUTER BE3600 WI-FI 7,08.2.0,store_purity,0.850,
d883ee5a-2928-458c-af5f-18faf33ea844,"11 GROUND FLOOR DUPLEX 1 BEDROOM RENOVATED HOUSE FOR RENT IN DOUN PENH AREA. ដូនពេញ, ភ្ CAKE ពេញ ជួល • បន្ទប់គេង 1 • បន្ទប់ WATER 2 • 60M² ​ ​ ​",04.1.1,store_purity,0.850,
d9ea8cd8-b8dd-49e9-8f81-5ed6a5598af5,SINAREST-FORTE FLU & COLD TAB (BOX/10X10),06.1.2,store_purity,0.850,
da57a9c8-aa6c-4f47-8fab-de198e40afff,BUS TICKET: PHNOM PENH - POI PET (CAPITOL TOURS AND TRANSPORT VIP EXPRESS),07.3.2,store_purity,0.850,
da8f78ec-4429-4c15-a5f5-b70c99ce6bb1,FISH AMOK STEAMED IN BANANA LEAVES,11.1.1,store_purity,0.850,
2927a584-6917-401d-b491-a6e82e6fa96e,USED IPAD PRO 11 M1 128GB ONLY WIFI 99%,08.2.0,store_purity,0.850,
dbbbc2ab-d43b-4012-a913-231c9959db73,BUS TICKET: PHNOM PENH TO BATTAMBANG (CAPITOL TOUR AND TRANSPORT EXPRESS BUS),07.3.2,store_purity,0.850,
dc5456d5-5602-4cd8-992a-e47468f3d700,AHASTYLE SILICONE CASE HOLDER FOR AIRTAG,08.2.0,store_purity,0.850,
11833c7c-6312-49d9-8212-2518fb41c88a,BUS TICKET: PHNOM PENH - SIEM REAP (EVGO EXPRESS CAMBODIA VIP VAN),07.3.2,store_purity,0.850,
dcbaf0eb-d83d-4243-a07d-d1d6c651b1a4,"8 THREE-BEDROOM LUXURY APARTMENT បឹងកេងកង, ភ្នំពេញ ជួល • បន្ទប់គេង 3 • បន្ទប់ WATER 3 • 100M² ​ ​ ​",04.1.1,store_purity,0.850,
691a8ea2-19bb-46b5-aa3c-03ef6ea13e32,AUTHENTIC FISH AMOK STEAMED IN BANANA LEAVES,11.1.1,store_purity,0.850,
691fb05d-87c0-4e04-9843-a8a6bcf15a7b,PULMOLL ORANGE VITAMIN C 45G/BOX,06.1.2,store_purity,0.850,
de4f189b-55d9-49ff-bf94-675746b86c9a,BUS TICKET: PHNOM PENH - MONDULKIRI (RITHYA MONDULKIRI EXPRESS VIP VAN),07.3.2,store_purity,0.850,
07a23927-406c-4df3-9ed6-98f0b7e2457c,NUMBER ONE LONG LOVE 24X3PCS,06.1.2,store_purity,0.850,
deb05d46-5fce-461d-b701-b808e7097e72,MICARDIS PLUS 40MG/12.5MG 3X10TABLETS,06.1.2,store_purity,0.850,
e08523c5-858c-4b30-a26d-bbafba53d6d7,1 KING BED WITH BALCONY COURTYARD VIEW,11.2.0,store_purity,0.850,
e0b45639-60b5-4b40-b2f9-1f49d0505f4a,"8 ROOM STAY FOR ONE NIGHT សែនសុខ, ភ្ CAKE ពេញ ជួល • ​ ​ 24M² ​ ​ ​",04.1.1,store_purity,0.850,
6a0bb164-06b9-40a2-b8aa-a0c4310f292e,THE LOUNGE ROYAL AFTERNOON HIGH TEA FOR TWO,11.2.0,store_purity,0.850,
6a260fa9-7652-436b-915b-cb28cac80d6e,NILLKIN CAMSHIELD PRO COVER CASE FOR APPLE IPHONE 15 PRO | 15 PRO MAX,08.2.0,store_purity,0.850,
6a4cae43-7d59-472f-9f7e-2bebbd7d4c1b,DISUF CREAM 15G,06.1.2,store_purity,0.850,
e253c8e1-e84b-5261-8112-499248854c25,Fresh Passion Fruit Soda with Mint & Lime,11.1.1,store_purity,0.850,
6ad7e7d5-e2ba-4568-b987-5442e332375d,TOMNUB TEUK,04.1.1,store_purity,0.850,
e2b23a79-e06e-4fd7-ab92-cdf3b348f471,MEPERINE 10MG TAB (BOX/10X10),06.1.2,store_purity,0.850,
772fb2bd-d4ee-4c40-8f9d-b803139a04df,MACBOOK NEO A18 PRO 13-INCH 512GB|8GB,08.2.0,store_purity,0.850,
9cefd189-8e08-47a5-860c-589247662e99,ខុនដូរ សំរាប់ជួល,04.1.1,store_purity,0.850,
469db7e1-ebd6-40de-a46d-3fddd8c45208,"បានផ្ទៀងផ្ទាត់គណនី 13 ផ្ទះសម្រាប់ជួល/HOUSE FOR RENT ទីតាំង: សង្កាត់ទួលទំពូងទី1, ខណ្ឌចំការមន ចំការមន, ភ្នំពេញ ជួល • បន្ទប់គេង 5 • បន្ទប់ WATER 5 • 325M² ​ ​ ​",04.1.1,store_purity,0.850,
4811697a-b813-4bcd-90b8-9f5d755815c1,BEAUTIFUL AND NEW CONDO FOR RENT- CHROY CHANGVAR,04.1.1,store_purity,0.850,
49bd431e-137f-4d85-804b-27098b6b0f71,PHNOM PENH NOODLE SOUP WITH PORK (KUY TEAV),11.1.1,store_purity,0.850,
9f1ef63c-fb74-4fde-a451-ec55d6c1ac30,PHNOM PENH NOODLE SOUP WITH SLICED PORK (KUY TEAV),11.1.1,store_purity,0.850,
9f5cae67-bf02-4f57-ad8b-59262bf91c84,BUS TICKET: PHNOM PENH TO KOH RONG,07.3.2,store_purity,0.850,
9fb53509-3abd-4237-8dd5-29b27d9440c7,FRESH SUMMER ROLLS WITH PRAWNS & PEANUT DIP (4 PCS),11.1.1,store_purity,0.850,
a0e1ec7f-8898-42a3-b4df-e5634f60d2a8,BEONG TRABEK- STUDIO ROOM FOR RENT,04.1.1,store_purity,0.850,
a1621446-9d88-4db9-94d0-22c3c366ff53,BUS TICKET: PHNOM PENH - BATTAMBANG (CAMBOLINK21 EXPRESS VIP VAN),07.3.2,store_purity,0.850,
047cd554-53a7-4ae5-89a0-2da50de01ec3,ដីជួលសម្រាប់ធ្វើឃ្លាំង ឬអាជីវកម្ម(20M X 20M)នៅព្រែកជ្រៃ,04.1.1,store_purity,0.850,
a25c556b-d169-4ec7-ace9-f2efd8a562cd,"8 CONDO FOR RENT | URBAN VILLAGE PHASE 2 មានជ័យ, ភ្នំពេញ RENT • 1 BEDROOM • 1 BATHROOM • 54M² ​ ​ ​",04.1.1,store_purity,0.850,
a34ec777-12ad-4ac9-a6eb-2befbb5a329b,SWEET & SOUR FISH SOUP WITH MORNING GLORY (SOMLOR MACHOU),11.1.1,store_purity,0.850,
4c6417b2-d958-4579-ae82-2fa95292b4f1,3F FOR RENT (NEAR MC PARK),04.1.1,store_purity,0.850,
0ddcc007-ee4e-4d45-ab49-2d7fdb1ea5e3,IPAD PRO 11 M2 CHIP,08.2.0,store_purity,0.850,
1cee1513-9cd4-4ac5-858d-69e9ae31895a,BUS TICKET: PHNOM PENH - SIEM REAP (E-BOOKING EXPRESS SLEEPING BUS 30),07.3.2,store_purity,0.850,
4dbb9180-7ca2-537f-9c6e-da21866f1e1d,Club King Room with Lounge Access (1 Night),11.2.0,store_purity,0.850,
a64e72f2-c161-4b02-ae90-3f717d4ebdfb,BENKS AURORA ARMORAIR CASE BUILT WITH KEVLAR® FOR GALAXY S25 ULTRA,08.2.0,store_purity,0.850,
054dd5e6-ab9f-4fb4-82a5-2141afc7f95c,CAMBODIAN ICED COFFEE WITH CONDENSED MILK,11.1.1,store_purity,0.850,
aa76b835-81a2-4f3d-b80a-b177c6c56e1f,ANTI MOSQUITO PATCH - MEDEX,06.1.2,store_purity,0.850,
aad9e604-2899-42f5-ab46-a5912bbaae2b,PAPER LIFE FILM SCREEN PROTECTION FOR IPAD,08.2.0,store_purity,0.850,
0e1826d4-9643-41c6-80af-ceb76033fbe4,CONDO FOR RENT URBAN VILLAGE 60M,04.1.1,store_purity,0.850,
4ed06337-fef2-430c-a9ac-d021f5b06fb6,STANDARD TWIN ROOM,11.2.0,store_purity,0.850,
4f176d91-967f-4829-9f35-0efff3b09c1a,ALMEX 200MG/5ML SUSPENSION 10ML,06.1.2,store_purity,0.850,
abe512b5-b05d-477f-9070-26e1989cbbc6,STANDARD KING ROOM,11.2.0,store_purity,0.850,
4fef8d57-06be-43bb-bfb7-45124891ab8f,BUS TICKET: PHNOM PENH - SIHANOUKVILLE (VIREAK BUNTHAM EXPRESS VIP EXPRESS),07.3.2,store_purity,0.850,
501985e2-054c-430b-a39f-91b34a16d361,BUS TICKET: PHNOM PENH TO SIEM REAP (RITH MONY TRANSPORT STANDARD BUS),07.3.2,store_purity,0.850,
50c954ff-cc12-4a53-8abb-0dbd56066dff,TWIN BEDS HIGH FLOOR CITY VIEW,11.2.0,store_purity,0.850,
50cdd4fd-8934-43d2-aa0a-beb853f70f13,FEHER JACKET BLACK RED SHIRT ការពារ,07.1.2,store_purity,0.850,
51e1d69b-d092-4bca-8dc0-a047c3d9ad85,MARKET CAFÉ INTERNATIONAL SEAFOOD BUFFET DINNER,11.2.0,store_purity,0.850,
af3303ce-2cae-45d0-93b3-bc492f8a41f9,BOTTLE HOLDER FOR HONDA ADV150 ជើងចាប់កែវ WATER,07.1.2,store_purity,0.850,
1f19eac5-5dc0-4135-af9d-5ea8a2b2dead,"6 ARAKAWA STUDIO CONDO FOR RENT សែនសុខ, ភ្ CAKE ពេញ ជួល • ​ ​ 24M² ​ ​ ​",04.1.1,store_purity,0.850,
b0c2e919-9eb8-41ca-bb1f-5fda5c44c95f,វីឡាសម្រាប់ជួលស្ថិតនៅ បឹងកេងកង1,04.1.1,store_purity,0.850,
b213b597-41b1-43f7-8007-8576beb3d68f,"8 វីឡាលក់បន្ទាន់ សែនសុខ, ភ្នំពេញ SALE • MORE BEDROOM • MORE BATHROOM • 978M² ​ ​ ​",04.1.1,store_purity,0.850,
1fc06cbc-9031-4894-9735-b0878d3155e0,NILLKIN ICEBLADE PROP CAMERA PROTECTIVE COVER CASE FOR GALAXY S25 ULTRA,08.2.0,store_purity,0.850,
b3c23cba-a98f-4d38-a3d2-c81829a917dc,ដីសំម្រាប់ជួល,04.1.1,store_purity,0.850,
b3ed3e59-fa2e-480c-96ee-4df53a545a05,BUS TICKET: PHNOM PENH TO MONDULKIRI (VIRAK BUNTHAM EXPRESS VIP MINIVAN),07.3.2,store_purity,0.850,
05c11a9e-c92b-4d88-9d1b-9b9afe06b966,BUS TICKET: PHNOM PENH - SIEM REAP (LARRYTA BUS SLEEPING BUS),07.3.2,store_purity,0.850,
b455013f-5632-4279-80e1-0c2cc852b546,DEERMA VX300 MIX 5-IN-1 MULTI-FUNCTIONAL WET & DRY VACUUM,08.2.0,store_purity,0.850,
21d4b2f3-4846-433d-8f49-3e77a5686ec9,BLACKVIEW ZENO1 8INCH 256GB|6+12GB,08.2.0,store_purity,0.850,
5707400a-ce42-4bf0-af1b-9b1df559bb13,MACBOOK PRO 16.2INCH CHIP M4 PRO ធានាមួយឆ្នាំ,08.2.0,store_purity,0.850,
5729ccbb-0371-4ce0-aecf-19b66f86b1cd,TECNO CAMON 30S PRO 256GB|8+8GB,08.2.0,store_purity,0.850,
b4b8e37b-dcf4-4794-bde4-b598a66a2475,PROLERGAN 0.1% SYRUP 150ML,06.1.2,store_purity,0.850,
b5757910-ba67-4a49-8276-653fb6320dbd,GRILLED PORK WITH BROKEN RICE (BAI SACH CHROUK),11.1.1,store_purity,0.850,
b64a8e37-8194-40ed-832a-5bd1b7418011,ZENTEL 0.4G SUSPENSION 10ML,06.1.2,store_purity,0.850,
57ef0316-b4f7-44b1-8684-31d69c502a90,BUS TICKET: PHNOM PENH - SIEM REAP (IBUS VIP BUS),07.3.2,store_purity,0.850,
581681f3-9aa5-4792-b534-3121792e8b9b,ដីអាជីវកម្ម ជួល ផ្លូវ72P 18×60 ភ្ CAKE ពេញថ្ NOODLES សែនសុខ,04.1.1,store_purity,0.850,
58955a30-bde6-4c41-a957-e54792a20ac3,"DIAMOND ONE | 1-BEDROOM CONDO FOR & RENT - TONLE BASSAC, CHAMKARMON, PHNOM PENH",04.1.1,store_purity,0.850,
b7e06429-c116-485f-a97a-520eb3b5eaf9,BUS TICKET: PHNOM PENH - KOH KONG (VIREAK BUNTHAM EXPRESS VIP EXPRESS),07.3.2,store_purity,0.850,
0f8f26ca-f73a-541c-9043-0cf2b5c87878,Stir-Fried Rice with Minced Chicken & Basil,11.1.1,store_purity,0.850,
b8df7b4e-1136-48d8-a49f-9815da78d07c,ANKER POWERLINE III FLOW USB-C TO LIGHTNING 6FT/1.8M – BLACK,08.2.0,store_purity,0.850,
b90eec0d-a138-438a-9837-081e7e9a57d0,TECNO SPARK 40C 128GB|4+4GB,08.2.0,store_purity,0.850,
b98b9d7d-f455-4385-8411-639403d85bf8,SEPTYL® 0.1% SOL (BTL/200ML),06.1.2,store_purity,0.850,
b9a21334-046c-4dea-9eac-6ac8f8353ca5,BUS TICKET: PHNOM PENH - SIEM REAP (E-BOOKING EXPRESS VIP EXPRESS),07.3.2,store_purity,0.850,
58e42d3a-438f-4e07-ac5a-0be3a9377bb9,"MODERN 2-BEDROOM APARTMENT FOR RENT NEAR PHSAR LEU - SIEM REAP - , SALA KAMRAEUK, SIEM REAP, SIEM REAP",04.1.1,store_purity,0.850,
ba50ded0-28aa-505b-a55f-bcc56537c005,Khmer Fresh Lime Iced Tea,11.1.1,store_purity,0.850,
244ab21e-7e19-4534-88b4-5e79fb271602,NIDRA SHOWER FOAM NOURISHING WITH ARGAN OIL 250ML,06.1.2,store_purity,0.850,
59826cba-840d-4e13-b2f1-81142f22fd74,SEN SOK TOWN AEON2 / 森速区永旺2佳樂花園永樂城二房,04.1.1,store_purity,0.850,
598b896a-83d9-493e-abc2-8f0f181bacaa,EXECUTIVE RIVERFRONT SUITE (1 NIGHT),11.2.0,store_purity,0.850,
bc6fd24b-4351-4f3b-911d-8c4a641cf044,ICED MILK COFFEE (KAFE TEUK DOH KOU KOH),11.1.1,store_purity,0.850,
245ee1ea-5f01-4ad8-9039-f9b310564ed4,BULLDOG GANG MATT GOLD,07.1.2,store_purity,0.850,
5c874d14-75e7-5b0b-abcb-f8e1902b63a5,Premier River View King Room (1 Night),11.2.0,store_purity,0.850,
bf5da64b-bb22-401c-9a9d-8527e4729a2a,BUS TICKET: PHNOM PENH - SIEM REAP (VIREAK BUNTHAM EXPRESS HOTEL BUS),07.3.2,store_purity,0.850,
bfe5f566-1956-44b4-9928-f2c080637f85,BULLDOG HELMET CLASSIC PUG SILVER-RETRO,07.1.2,store_purity,0.850,
c0509a38-c83b-48e5-98a3-f94d41ee4397,EXECUTIVE SUITE 1 NIGHT,11.2.0,store_purity,0.850,
c091b8bc-e2ce-46af-854b-19ddb117df0f,CUSTOM SEAT FOR HONDA ADV150,07.1.2,store_purity,0.850,
c1a5e2c7-e699-4f08-af42-759446df8e7a,NILLKIN NATURE TPU PRO SERIES CASE FOR GALAXY S SERIES,08.2.0,store_purity,0.850,
c1d1eaf6-33ea-456a-b7c2-5966cd0cbfb9,HOUSE អាជីវកម្មសម្រាប់ជួលនៅបុរីភ្ CAKE ពេញថ្ NOODLES ELITE PARK 2,04.1.1,store_purity,0.850,
5ea6e54f-db9e-431d-abf4-368807bbff1b,"7 ROOM FOR RENT IN TOUL KORK AREA (តំបន់ទួល BEEF ក) ទួល BEEF ក, ភ្ CAKE ពេញ ជួល • ​ ​ 34M² ​ ​ ​",04.1.1,store_purity,0.850,
fcb689e5-bda7-426c-a956-e885d9083ed7,HOUSE លក់ ឬជួល,04.1.1,store_purity,0.850,
751e8886-6359-59c1-ad5c-668d241fd887,Market Café Full American & Asian Breakfast Buffet,11.2.0,store_purity,0.850,
fd5e6b46-7e66-4d37-9839-a16b4c3ce8e2,🏘 វីឡាឃ្វីន (QUEEN-A) ក្នុងបុរី ជីបម៉ុង50ម ត្រូវការលក់បន្ទាន់ខ្លាំង (កូដ: A06-006671),04.1.1,store_purity,0.850,
083316d4-b1f3-480b-8e15-4c7010c3747f,YAMAHA PG-1 115CC,07.1.2,store_purity,0.850,
ffd1bf37-ebfc-436d-a94d-9e57fdaedf1a,RYO TOURING BOOTS BLACK SHOES ការពារ,07.1.2,store_purity,0.850,
760f742b-3478-4e2b-a38f-966790ddad49,POLYDEXA GTT AURICUL FL10ML,06.1.2,store_purity,0.850,
14679ace-b2ef-4133-9604-9d839380698d,(ENGLISH BELOW) 🏘 ដី នៅដង្កោ សម្រាប់ជួល នៅជិតបុរី SAK LAND (កូដ៖ A06-097952),04.1.1,store_purity,0.850,
349a9204-1a2a-464c-b452-7a9c53b8af24,COLODIUM 2MG HOVID (BOX/10X10CAP),06.1.2,store_purity,0.850,
08361750-75a9-5627-943c-d8c2bd5f02eb,Fresh Summer Rolls with Prawns & Peanut Dip (4 pcs),11.1.1,store_purity,0.850,
77688193-c56b-41aa-b1db-5dc1720ae2ef,"14 【日本語も対応可能】BKK3 AREA| 2 BEDROOMS CONDOMINIUM ON 12TH FLOOR FOR RENT WITH SWIMMING POOL AND GYM បឹងកេងកង, ភ្នំពេញ ជួល • បន្ទប់គេង 2 • បន្ទប់ WATER 2 • 70M² ​ ​ ​",04.1.1,store_purity,0.850,
77dad105-6d04-4b19-95ba-925365c4082f,CLUB SUITE WITH LOUNGE ACCESS (1 NIGHT),11.2.0,store_purity,0.850,
00bcc1e9-0ab3-4f31-8efb-6b8485844a26,"HOUSE RENTAL នៅទួលពង្រ, HOUSE FOR RENT​ AT TUOL PONGRO",04.1.1,store_purity,0.850,
36c7ef1c-b7d5-416e-bf21-dca61ad5ba5c,"HOUSE FOR RENT IN SALA KAMREUK, SIEM REAP CITY",04.1.1,store_purity,0.850,
36e91478-c74d-470e-8a7e-23547ccabd0c,BUS TICKET: PHNOM PENH - PURSAT (CAPITOL TOURS EXPRESS BUS),07.3.2,store_purity,0.850,
793b8653-a96a-4072-a8fa-aa45aa5e6520,ដីសំរាប់ជួល ទំហំ ក្បាល 16ម៉ែត្រ ជំរៅ 45 ម៉ែត្រ នៅជាប់ផ្លូវជាតិលេខ8,04.1.1,store_purity,0.850,
7aeab4b3-1cfd-4eda-85ac-e2aec6b24561,NATURAL TITANIUM MILANESE LOOP - MEDIUM,08.2.0,store_purity,0.850,
7d2003bc-23aa-4035-bd2f-ec00c2345f13,SARAYA SMART SAN SANITIZER A S-4 5L/BTL,06.1.2,store_purity,0.850,
7ec31e4c-d417-482c-be65-7eddf68b8f0d,XUNDD ARMOR SERIES CASES FOR IPAD,08.2.0,store_purity,0.850,
7edbb993-941f-460e-9912-d23661c25f1e,NATROL OMEGA 3-6-9 COMPLEX 1200MG 90SOFTGELS,06.1.2,store_purity,0.850,
7fa7d1ab-aa37-4d1e-9cf2-a2812ea35c09,MARSHALL MAJOR V | WIRELESS ON-EAR HEADPHONES,08.2.0,store_purity,0.850,
381d87f4-0cfc-4acb-a36d-18ccdd56f217,BUS TICKET: PHNOM PENH - SIHANOUKVILLE (CHAN MOLY ROTH TRANSPORTATION VIP VAN),07.3.2,store_purity,0.850,
092bd8e1-ed1d-5cdc-9e08-b11742775657,Fresh Tropical Mango Fruit Smoothie,11.1.1,store_purity,0.850,
388f3213-541e-4a38-b8bf-6578996ae440,YANGZHOU SEAFOOD FRIED RICE WITH PRAWNS & SQUID,11.1.1,store_purity,0.850,
81c0f890-a6e7-443b-bd0f-1201b90a1b0c,"3 ខុនដូរសម្រាប់ជួល ដង្កោ, ភ្ CAKE ពេញ ជួល",04.1.1,store_purity,0.850,
393f1abb-05c7-401a-9fb1-e2fb714aa977,HUAWEI WATCH 5 42MM – STAINLESS BEIGE,08.2.0,store_purity,0.850,
3ab83efa-bdca-4f2b-aea7-b88d09ed6b8a,KINAL® BAUME (TUB/30G),06.1.2,store_purity,0.850,
8345c262-0ba6-5479-a1c9-941bbe84787a,Regency Club 2 Twin Beds with Lounge Access,11.2.0,store_purity,0.850,
845ecd0e-0172-4688-8da9-bf87d7c8570d,ROOM STAY FOR ONE NIGHT,04.1.1,store_purity,0.850,
3b455b00-e716-4b57-a3af-1564667ba4c0,BIOREE GRAN (10SACHETS X 1G),06.1.2,store_purity,0.850,
3bd97f7b-d6e4-4548-bb10-b02b18339799,BUS TICKET: PHNOM PENH TO SIEM REAP (SEILA ANGKOR KHMER EXPRESS VIP VAN),07.3.2,store_purity,0.850,
86da7a64-7e3f-478d-b408-f37b3d0796dd,STIR-FRIED RICE WITH MINCED CHICKEN & BASIL,11.1.1,store_purity,0.850,
3c2fe76b-cdae-42d2-a24c-841fd59b3d20,6 BEDROOM VILLA WITH PRIVATE POOL FOR RENT IN TOUL KORK,04.1.1,store_purity,0.850,
88bf8804-fad9-4682-9f17-92a9a55356dc,TRADITIONAL SWEET BANANA IN COCONUT MILK TAPIOCA (CHEK KTIS),11.1.1,store_purity,0.850,
3e5a5777-457e-4c17-8f4c-14c2a61d3878,SCREEN GLASS FOR ONEPLUS PAD 3,08.2.0,store_purity,0.850,
3f139d3d-1593-49c1-a469-46541cd731f6,ដីជួលសង្កាត់4 អូរ5 ក្រុងព្រះស៊ីហនុ ខេត្តព្រះស៊ីហនុ,04.1.1,store_purity,0.850,
8c3aa3bc-f6fa-4036-a114-9ab577518448,RYO SNEAKER SHOES ការពារ,07.1.2,store_purity,0.850,
0a8f45b9-ef28-4a8c-a79e-4a17caaf3dac,BUS TICKET: PHNOM PENH - KEP (EKAREACH EXPRESS VIP VAN),07.3.2,store_purity,0.850,
19aa802c-a227-4e36-8ee7-940d2d432c30,"10 MODERN APARTMENT 1 BEDROOM WITH LIFT FOR RENT NEAR RUSSIAN MARKET ចំការមន, ភ្ CAKE ពេញ RENT • 1 BEDROOM • 1 BATHROOM • 65M² ​ ​ ​",04.1.1,store_purity,0.850,
1a571a23-e0cc-468d-b876-0e7f0416b55d,YANGZHOU FRIED RICE WITH SEAFOOD,11.1.1,store_purity,0.850,
8e9ed0f6-0a22-4796-8a97-431bb8e35b5f,"3 CONDO FULL FURNITURE 120-140 សែនសុខ, ភ្ CAKE ពេញ ជួល • ​ ​ 25M² ​ ​ ​",04.1.1,store_purity,0.850,
8f35e867-35e0-4b12-99ab-285c0ca74ef2,BUS TICKET: PHNOM PENH - SIEM REAP (MEY HONG TRANSPORT VIP BUS),07.3.2,store_purity,0.850,
40842ea9-7c94-45d9-adf7-4c8ec0933a21,ICE TEA PEACH - PFANNER,01.2.2,gemini_ai,0.8500,
41b6cca3-d781-4fb2-9021-650743f5e716,JBL EASYSING MIC MINI,08.2.0,store_purity,0.850,
424ec6b6-dccb-4929-90a1-6ae4aab567d2,BUS TICKET: PHNOM PENH - SIEM REAP (CAPITOL TOURS STANDARD BUS),07.3.2,store_purity,0.850,
91104355-060b-49ab-a9b7-fa5b7afce12f,AFTER SHAVE GREEN TONIC - MENNEN,06.1.2,store_purity,0.850,
42d82e28-e967-4203-a604-2573f33d3e7f,STIR-FRIED CHICKEN WITH SPICY LEMONGRASS PASTE (KROEUNG),11.1.1,store_purity,0.850,
933973d6-7659-4318-8a75-b9dbc9626ab7,NATUREAID IRISH SEA MOSS KETO+ 1600MG 60 GUMMIES,06.1.2,store_purity,0.850,
44005723-b6a2-41a4-8965-55eaaf491a2f,SLOEK POR MEAS CASSIA MEDICATED OIL 10CC,06.1.2,store_purity,0.850,
44264b2d-1172-4183-9ce6-43c922b3cfd9,CAMBODIAN ICED COFFEE WITH SWEET CONDENSED MILK (CAFE TEUK DOH KO),11.1.1,store_purity,0.850,
94a7a398-1000-46ad-ac44-e4336e84a637,ALBENTOX® 400MG TAB (BOX/1×3),06.1.2,store_purity,0.850,
443611e5-c4fa-48af-a004-e50ee3bbd871,ដីលក់បន្ទាន់ ប្លង់រឹង ក្រោមតម្លៃទីផ្សារខ្លាំង សង្កាត់កំបូល,04.1.1,store_purity,0.850,
958337a2-2f8f-4d33-ba67-04588ce5d6f4,ដីសម្រាប់ជួល 土地出租 LAND FOR RENT (ជាប់ផ្លូវជាតិលេខ41 41国道旁),04.1.1,store_purity,0.850,
9617ae10-e87a-49ac-84b1-b954d78c91fa,TRAMADOL P.P.M 100MG CAP (BOX/10X10),06.1.2,store_purity,0.850,
962e12f8-ae64-48ae-9ffe-e52ee941f4ae,HIKSEMI 2TB SHIELD SSD (UP TO 560MB/S),08.2.0,store_purity,0.850,
96adfba9-57a0-5690-b76d-1e1b1e05a47c,Premier River View Twin Room (1 Night),11.2.0,store_purity,0.850,
44b82f0b-2f72-4b21-a489-3ae2c1f895e2,KHMER FRESH LIME ICED TEA,11.1.1,store_purity,0.850,
44cec07a-20e2-4e9f-9f05-3dfdf77e8539,TELESIN FUN SHOT MAGNETIC GRIP 2 FOR PHONE,08.2.0,store_purity,0.850,
9919c2d7-6f59-48c6-882f-34c38feea310,"បានផ្ទៀងផ្ទាត់គណនី 14 CONDO STUDIO TYPE WITH SWIMMING POOL FOR RENT NEAR AEON 2 SEN SOK សែនសុខ, ភ្ CAKE ពេញ ជួល • បន្ទប់គេង 1 • បន្ទប់ WATER 1 • ​ ​ ​ ​",04.1.1,store_purity,0.850,
9a3e1317-0cb4-4377-bafb-bf6627315398,"8 🏙️ខុនដូ CONDO FOR RENT ដង្កោ, ភ្នំពេញ ជួល • ​ ​ 50M² ​ ​ ​",04.1.1,store_purity,0.850,
9b2aae9a-1b80-4912-b1b2-1a7d3eb9fc35,JUNIOR SUITE RIVERFRONT VIEW (1 NIGHT),11.2.0,store_purity,0.850,
9b2b1120-f86f-5a7a-8617-34dcfd85accc,Mekong Royal Suite 2-Bedroom (1 Night),11.2.0,store_purity,0.850,
9b6f9986-b5a0-40c0-8e1c-ad4615011e1a,"🏢 STUDIO SERVICED APARTMENT FOR RENT IN BOENG KENG KANG TI PIR, PHNOM PENH",04.1.1,store_purity,0.850,
2b299992-5567-4183-a541-b024ea054af9,BUS TICKET: PHNOM PENH - MONDULKIRI (KIM SENG EXPRESS VIP VAN),07.3.2,store_purity,0.850,
6c5e73e1-b331-4ea8-8ffe-7312166e8962,GABICA 150MG (BOX/5X7CAP),06.1.2,store_purity,0.850,
e50604b4-ef88-43ce-82da-d68d55304222,IPHONE 16 PRO MAX 256GB DESERT TITANIUM,08.2.0,store_purity,0.850,
2bbce476-9d5a-4d95-b023-05fcf6761aff,"📍 CONDO FOR RENT, TOUL KORK AREA",04.1.1,store_purity,0.850,
e606d188-f6e6-4e3e-aee5-24678e5e0b73,LAND FOR RENT IN CHAK ANGRAELEU NEAR SAMDECH HUNSEN BLVD.(ROAD 60M),04.1.1,store_purity,0.850,
12e3bd88-7797-43aa-9d59-afb8aa2c8a75,BUS TICKET: PHNOM PENH - SVAY RIENG (BAVET) (VIRAK BUNTHAM EXPRESS VIP VAN),07.3.2,store_purity,0.850,
e75d1954-3f24-4656-b065-42568a05dffb,UNIVERSAL HAND GUARDS PROTECTOR,07.1.2,store_purity,0.850,
e77ca7e2-82be-4ab6-95f8-f887dc64f43d,"2 ឥតគិតថ្លៃ។1 ខែជួល។ថ្មី។បន្ទប់សម្រាប់ជួលឫស្សីកែវភ្នំពេញទីក្រុង។ PROMOTION 1 MONTH FREE US-/ខែ ឫស្សីកែវ, ភ្នំពេញ ជួល • ​ ​ 24M² ​ ​ ​",04.1.1,store_purity,0.850,
e80cd18e-0a72-490c-853b-05e7c06888b3,INFINIX HOT 60 PRO 128GB|8+8GB,08.2.0,store_purity,0.850,
e8580c54-3da3-4090-b13b-6db9a0b22abe,IBUPROFENE 400MG 10X10CP (EPHAC),06.1.2,store_purity,0.850,
e921b821-34ed-4488-8380-a0576067ceb5,FEHER RACING JACKET BLACK GRAY,07.1.2,store_purity,0.850,
e9a44557-5d58-450a-a084-f8a4c729f766,STIR-FRIED SLICED BEEF WITH FRESH GINGER & SPRING ONION,11.1.1,store_purity,0.850,
e9b5205c-1a49-4ed1-b672-7ce84403725b,WHOLE FRESH YOUNG COCONUT JUICE,11.1.1,store_purity,0.850,
ed026e7c-e957-43cb-b483-7957851f8b3e,FEHER RACING JACKET,07.1.2,store_purity,0.850,
ed78dcdd-afd1-482a-9b13-3a36e34ac678,REALME NOTE 60X 64GB|4+8GB (IN STOCK),08.2.0,store_purity,0.850,
6dfd101e-b9e4-4f90-98c1-30e547221151,APPLE WATCH ULTRA 3 – ALPINE LOOP (IN STOCK),08.2.0,store_purity,0.850,
2ceb35a7-e151-4489-a362-aa29180c5f81,BUS TICKET: PHNOM PENH - SVAY (BANTEAY MEANCHEY) (CAPITOL TOURS AND TRANSPORT VIP EXPRESS),07.3.2,store_purity,0.850,
ef684c18-b06e-4289-ac32-2d7b167ead3a,STANDARD KING ROOM 1 NIGHT,11.2.0,store_purity,0.850,
ef7c3d7e-dfea-4b55-9a9b-1ef951f8e228,2-BEDROOM RIVERSIDE LUXURY VILLA (1 NIGHT),11.2.0,store_purity,0.850,
f0de93a2-74cb-4dc3-b8b7-4757e3a15469,APPLE PENCIL PRO,08.2.0,store_purity,0.850,
f12a2f0d-81a2-4553-a3b6-4521d36a2d3d,BUS TICKET: PHNOM PENH TO KAMPONG THOM (CAPITOL TOUR AND TRANSPORT EXPRESS BUS),07.3.2,store_purity,0.850,
f14ee972-ea43-4fa8-95f9-50ac948ff566,"MINIMALISTAMALBEC, ARGENTINA",02.1.2,gemini_ai,0.8500,
f266bd85-58ae-4dca-92fd-d4b217569636,HONOR X7D 512GB|8GB+8GB,08.2.0,store_purity,0.850,
2d52bc5b-13c8-45fd-b296-26d23197c070,SPICY TOM YUM SOUP WITH MIXED SEAFOOD,11.1.1,store_purity,0.850,
f341b6ca-4e35-4c75-b3ef-1836bf0882c3,USED REDMAGIC ASTRA GAMING TABLET 256GB 99%,08.2.0,store_purity,0.850,
71b1776d-8c8a-41e3-b4bc-a07e508d35c3,CODEFREE BLOOD GLUCOSE MONITORING SYSTEM,06.1.2,store_purity,0.850,
f44b6350-0596-553c-8be8-13df149c7a1a,Sokha Health Club & Swimming Pool Day Pass,11.2.0,store_purity,0.850,
0800d6dc-4ff7-4ed1-a4de-46ea3e2a97ae,COMFORTABLE ROOM,04.1.1,store_purity,0.850,
f4fe9328-c815-44e0-add4-0b14d2b35b62,BUS TICKET: PHNOM PENH - SVAY (BANTEAY MEANCHEY) (VIREAK BUNTHAM EXPRESS VIP EXPRESS),07.3.2,store_purity,0.850,
f5148098-9ad6-4c59-bf1f-b421fb54b74b,BUS TICKET: PHNOM PENH TO SIEM REAP (CAMBOLINK21 EXPRESS VIP VAN),07.3.2,store_purity,0.850,
f7079387-7a95-4674-a166-ac88a627c488,CLEAR CASE FOR XIAOMI PAD 7S PRO 12-INCH,08.2.0,store_purity,0.850,
f787120e-0309-4278-b57d-6e14aeeb5142,REALME NOTE 60X 64GB|4+8GB (IN STOCK),08.2.0,store_purity,0.850,
30ca128d-d001-4c6d-adbe-9b774e5d9e2e,LAPTOP MATTE CASE FOR MACBOOK PRO|AIR (CLEAR),08.2.0,store_purity,0.850,
74b6c6d0-3def-4f91-a257-3d9e29ad1f39,DIPLOMATIC SUITE WITH PRIVATE TERRACE,11.2.0,store_purity,0.850,
fc501ca6-1797-4cd2-8593-dba6e8470578,"បានផ្ទៀងផ្ទាត់គណនី 11 TIME SQUARE 5 | BKK1 | /MONTH💰 បឹងកេងកង, ភ្ CAKE ពេញ ជួល • បន្ទប់គេង 1 • បន្ទប់ WATER 1 • 55M² ​ ​ ​",04.1.1,store_purity,0.850,
8d22c773-f903-4371-9bcd-6de7701c2182,AUTHENTIC LIQUEUR 42.3% VOL - GALLIANO,02.1.1,gemini_ai,0.8985,
2949e3af-b13a-44e0-9375-3c560a824d49,1 DIN CAR MULTIMEDIA PLAYER BLUETOOTH AUTORADIO MP3 PLAYER HANDSFREE CAR STEREO RADIO FM AUX INPUT RECEIVER USB JSD-520 12V IN-DASHC,09.1.1,gemini_ai,0.9000,
0afca36e-3f01-4bd9-a28f-932e48ab2a35,BOYSHORT PARTYSUIT,03.1.2,gemini_ai,0.9000,
d56318e4-06bd-4c89-aa88-bb2c91e267e3,MULTIFUNCTIONAL SCOOTER FOR CHILDREN FOLDING TOY STROLLER 4-SPEED ADJUSTABLE,09.3.1,gemini_ai,0.9000,
c1f16074-f829-41ba-949a-07f5f64223e9,LE ROSÉ,02.1.2,gemini_ai,0.9000,
09450185-3c63-4be6-bd49-d9c3635eec2a,TYCOON SOY MILK (GINGER) 300ML,01.1.4,gemini_ai,0.9000,
4dc19fcf-f839-4e8a-a628-fbb66e970f49,KOREAN TOKPOKKI SOUR & SWEET FLAVOUR (CUP) 105G*24,01.1.1,gemini_ai,0.9000,
828ee16e-8559-453d-9d80-4e768b5093f4,JBABY- SUIT,03.1.2,gemini_ai,0.9000,
f814ab02-8b3d-46c1-af4d-ad577041fb94,SV8155G0 - EXPRESS VISION STEAM STATION 1 UNIT - TEFAL,05.5.1,gemini_ai,0.9000,
c6149619-e16b-489f-9603-2c86d2f3e937,7MV016 OTTO CONVECTION OVEN,05.5.1,gemini_ai,0.9000,
5f30896a-d454-4bcf-a4d6-76b06b049ae4,ABSINTHE PERE KERMANN'S - CELLIERS D'ASIE,02.unclassified,category_map,0.900,
747a114f-e085-480b-92de-de79412358bc,CHOCOLATE FILLED PUFFS - KARTIKA TOAST,01.1.8,gemini_ai,0.9000,
9289fb81-5fad-482b-8f16-bb045ba56f18,MEGA B ENERGY BOOSTER - HEALTHY CARE,06.1.1,gemini_ai,0.9000,
9dce3664-a398-42ba-a259-a69dfce15068,26T0126-2273-0061 BEST BUY MINI TRUCK,09.3.1,gemini_ai,0.9000,
ff26d877-269a-4da0-bd14-4cc5a0ff17fd,MY-ANTIMICROBIAL ANTI-ODOR NYLON PANTYHOSE L-XL BL (DAISO),03.1.3,gemini_ai,0.9000,
e61034a1-3c06-4bc3-9bd0-c3870c726866,TVBP NON-SUGAR SPARKLING LIQUOR PLAIN FLAVORED,02.1.1,gemini_ai,0.9000,
45eaaeec-60d6-4b88-82f3-871962cc5b1f,DISPOSABLE GLOVES SIZE L - TOP GLOVE,06.1.2,gemini_ai,0.9000,
2c503331-b8df-4224-b7b4-34c3ccb39e6f,AMBASSADEUR,02.1.1,gemini_ai,0.9000,
b3e06533-a1a9-4ae7-8a0b-c512502ffee3,LTL 09M00 GG HITACHI TOP LOADING WASHER 9KG,05.5.1,gemini_ai,0.9000,
8f392f9e-28c6-4bf8-b80a-9f5a56bef1b5,NON-STICK GRANITE FRYING PAN 28CM,05.3.1,gemini_ai,0.9000,
8fc3db9c-5a54-486d-a20c-da78c85e06ab,FESTIVAL PUMPKIN MASK HALLOWEEN MOUTH MASK UNISEX DUSTPROOF LETTER PRINTED COTTON MASKS,03.1.3,gemini_ai,0.9000,
55315227-0a13-4d92-93ec-793df800a328,INHALER - TIGER BALM,06.1.2,gemini_ai,0.9000,
24d3f689-88e4-4b09-a657-bb2cddfe2fa8,TOPVALU BP MOTH BALL,05.6.1,gemini_ai,0.9000,
6599302e-358b-428c-a660-a1de2e74caf2,TVHC 536720 CAN COOLER 350 GG,05.5.1,gemini_ai,0.9000,
e93ff0f0-7e94-4ed2-a968-db0fc29040cb,TEMPORARY TATTOO,09.3.1,gemini_ai,0.9000,
e99083a6-f69b-46f1-a9b4-dd06caa4da0b,TUMBLER & HOLDER MATT-BLACK - SPIRELLA,05.5.1,gemini_ai,0.9000,
e9beea07-edb9-4e01-af45-ada43309a9b1,CAR DIFFUSER (WHITE + BLINK) - FRAGRANCE DIFFUSION,05.6.1,gemini_ai,0.9000,
d3d5c0f7-d510-4c76-a19b-de7ee5cf4edd,APMC14 OTTO SOUP AND GRILL,05.5.1,gemini_ai,0.9000,
45936b31-edb4-4acd-b8ca-31916907e623,FAST WATER INJECTION BALLOON WATER SPLASHING FESTIVAL WATER BATTLE GAME TOYS FIVE BUNDLES OF WATER FILLING BALLOONS,09.3.1,gemini_ai,0.9000,
651cd559-36a6-463f-bc19-e694c24adede,SLEEP & RELAX - NATURE'S CARE,06.1.1,gemini_ai,0.9000,
3c98aca7-6e46-4d02-8a92-d02372c3cc64,GIRL ACCESSORY BOX,12.3.2,gemini_ai,0.9000,
af3f15b5-e9ae-4ed2-8b84-e06b76660def,REED DIFFUSER MALONE - FRAGRANCE DIFFUSION,05.6.1,gemini_ai,0.9000,
ee5eac5d-9587-452f-b470-be419df1a2a3,MUGLER ALIEN HYPERSENSE 90ML,03.unclassified,category_map,0.900,
6e8302ff-b3c2-46d7-b1db-3594aff2a8df,PORK & BEAN - HUNTS,01.1.2,gemini_ai,0.9000,
6211fb66-d080-4a70-b52c-acda131af0f1,MANGO & YOGURT BREKKIE SMOOTHIE FOR 8 MONTHS PLUS - ONLY ORGANIC,01.1.9,gemini_ai,0.9000,
1abd68fc-ea23-47fe-b36c-33803593e4a0,MOUSE DE CANARD A L` ARMAGNAC 180G,01.1.2,gemini_ai,0.9000,
3eddf27b-3aa0-4a03-8e13-221b9c655641,FORTUNE PRESSED TOFU 300G,01.1.7,gemini_ai,0.9000,
c120f584-94dc-4584-a88c-aba14672bb09,ANGKOR BALM IN SILVER POT + TOOL - SENTEURS D'ANGKOR,06.1.2,gemini_ai,0.9000,
cf50a854-364a-4f0e-a72f-2e77dd8bf0f2,CLEDOR ICE CREAM BAR COOKIE & CREAM,01.1.8,gemini_ai,0.9000,
7c15a931-7e78-4dae-ac09-f49691ca0898,FLAMINGO TIRE FOAM,07.2.3,gemini_ai,0.9000,
567fbd4b-b07c-435b-9677-b99bb3e4b030,DECATHLON W100 RUNNING STOPWATCH BLACK,09.5.1,category_map,0.900,
2675a9ed-3e45-4cfa-9145-a7202052fdc7,URIAGE BARIEDERM-CICA CREAM,06.1.1,gemini_ai,0.9000,
f25cf742-88c8-45cb-8730-5d97795ef380,STORAGE BOX -SQUARE - BLUE - 26CM X 19CM X 11.5CM - 10.2IN X 7.5IN X 4.5IN,05.1.1,gemini_ai,0.9000,
aecfc092-e38c-4c2a-97f8-2ca8d94e3e04,MY-CHARCOAL DEHUMIDIFIER -ABSORBS 600ML - 20FL OZ- (DAISO),05.6.1,gemini_ai,0.9000,
0884f5be-44c8-479d-8896-c22be6142787,TOPCARE SPRAY 100ML,06.1.2,gemini_ai,0.9000,
610ffaf9-d14d-455c-bf5b-d703529a8497,JUNBIE NEW JELLY (GREEN),01.1.8,gemini_ai,0.9000,
05095e69-723e-42bc-828e-1010b16f95df,WHOLE BLACK OLIVES - SAPORITO,01.1.7,gemini_ai,0.9000,
0dfb565d-54c1-43c9-a40b-88add6bfe3c8,COLLAGEN DRINK COLLA PLUS - NH,06.1.1,gemini_ai,0.9000,
991f877b-c902-486a-b4c4-189f2ca51084,67W POWER BANK 20000MAH - BLUE - XIAOMI,08.2.0,gemini_ai,0.9000,
9963294a-37dd-4ed2-81ce-06c22537f3d5,GINGKO BILOBA - BONAVIDEA,06.1.1,gemini_ai,0.9000,
696c9f2b-b919-440a-92f8-1a441f907491,JU LONG FLAVORED WINE,02.1.1,gemini_ai,0.9000,
2f90adcc-3a50-48e4-8438-eca1982b16f1,SINDA RICE ROLL WITH PORK&CORN 4PCS 218G,01.1.1,gemini_ai,0.9000,
607cdbde-cd3a-485a-bc55-f79a8c037b59,B-2 100MG - NOW FOODS,06.unclassified,category_map,0.900,
3048c5bb-acb6-43ff-b0c0-51585aa214ce,HALLOWEEN LED GLOW SLAP BRACELET PARTY DECOR PAT CIRCLE BRACELET HAND RINGS,09.3.1,gemini_ai,0.9000,
a3394a88-fcc3-467a-b457-901d6ca4fa18,CHEESE SAUSAGE 200G (1PC),01.unclassified,text_rules,0.9500,
9b8b3f90-837b-4d89-930c-cf0144a8f925,HOUSEHOLD GLOVES S - BELLE FRANCE,03.unclassified,text_rules,0.9500,
8d2bcffc-3b45-48cf-bee8-65779b29fa08,JP-BEACH SANDALS-STRIPE- US 2.5 EU 34-,03.unclassified,text_rules,0.9500,
c716d116-17ac-4a9b-97f3-8c206e9530f4,DECATHLON SILICONE SWIM CAP - ONE SIZE GEOL BLACK GREEN,03.unclassified,text_rules,0.9500,
5cfaf81e-a749-4759-9c32-d6a9285ff3e0,SHAMPOO - AMLA & SHIKAKAI - BODIA,12.unclassified,text_rules,0.9500,
88920fbe-214e-4adf-9ffe-a360c4faa276,SP0621-030 STRENGTH TRAINING PULL UP BAR 500,10.1.0,gemini_ai,0.9702,
83756592-5c56-4758-9566-1138a5a5ce45,SP0621-030 STRENGTH TRAINING PULL UP BAR 500,10.1.0,gemini_ai,0.9702,
84a69afd-f75b-4046-bfe2-849af617b664,DECATHLON WEIGHT TRAINING RESISTANCE BAND 5 KG BLUE,10.1.0,gemini_ai,0.9702,
fff05f23-1b08-4e52-b507-1e3be3869173,SLIM VIRGIN PAPER - OCB,02.2.0,gemini_ai,1.0000,
02aec6f5-ca38-4597-a4af-dfc7445a369b,SAKURA NIGHT CREAM 50ML,12.1.3,gemini_ai,1.0000,
05df0d7e-b726-4c7c-a7c0-a9dfe841d586,DISTILLED WHITE VINEGAR 5% ACIDITY - HEINZ,01.1.9,gemini_ai,1.0000,
06a80b06-b686-4e27-88ad-75b153597ff4,BITI'S HUNTER WOMEN'S SNEAKERS,03.2.1,gemini_ai,1.0000,
08562a82-dc42-4d5b-b7c0-8ba9a5ed1a3b,SHEA & COCOA BUTTER SCENTED HANDSOAP - LUCKY SUPER SOFT,12.1.3,gemini_ai,1.0000,
0be64d6b-a2b1-4edd-ac2e-558cb30d4321,FV6840M0 - STEAM IRON ULTRAGLISS PLUS (GREY) 1 UNIT - TEFAL,05.5.1,gemini_ai,1.0000,
0d8dce6c-a236-4e43-b3ac-fcf913319c69,CHATEAU LE COTEAU CUVEE CHAPPAZ GRAND VIN,02.1.2,gemini_ai,1.0000,
0dfa3770-a067-4242-8641-6642ed8ced99,ORGANIC APPLE CIDER VINEGAR WITH THE MOTHER - BIONA ORGANIC,01.1.9,gemini_ai,1.0000,
0e1f7d2c-8ffa-493b-8a11-8b963d0b9386,IHEALTH INFRARED THERMOMETER - MIJIA,06.1.2,gemini_ai,1.0000,
10acf41c-1540-4d2c-b0f3-ba13d6dfebce,TRAIN TOY,09.3.1,gemini_ai,1.0000,
116c0073-7299-43ea-9af5-c3a8389480d8,ABANIA PURE ARGAN SHAMPOO 500ML,12.1.3,gemini_ai,1.0000,
12296e0b-8af9-484e-b84d-976def3b61d2,PURE LADY 3-BLADE DISPOSABLE RAZOR - BIC,12.1.3,gemini_ai,1.0000,
130a1694-2e83-4923-bcde-ec80f08e95ce,BABY DRESS,03.1.2,gemini_ai,1.0000,
1364b745-5da0-4eb0-b072-eb7bdc94c703,VEGETABLE SEASONING POWDER-250G,01.1.9,gemini_ai,1.0000,
13fee767-7a69-47fd-bd4e-04907235d8c1,TV SODIUM BICARBONATE WATER WET WIPES 20PCS,12.1.3,gemini_ai,1.0000,
149cb642-8d05-46ba-849c-105a519f2d53,CAR HOOK MULTI-FUNCTIONAL CAR PROFESSIONAL MOBILE PHONE BRACKET REAR SEAT BACK HIDDEN DUAL-USE LOAD-BEARING UNIVERSAL,08.2.0,gemini_ai,1.0000,
15be6c22-d71e-45a3-bb3a-47f0ea030166,VODKA - ERISTOFF,02.1.1,gemini_ai,1.0000,
16757692-27a1-4ef8-a83a-146891de5328,11IN CAKE DECORATING STAND CAKE TURNTABLE ROTATING CAKE FROSTING BASE (NO ANTISLIP STRIP),05.5.1,gemini_ai,1.0000,
1681ad35-f6a3-4d98-95aa-6e36970fbc71,DEODORANT SPRAY COTTON FLOWER - MONSAVON,12.1.3,gemini_ai,1.0000,
175ab869-4a36-44bb-a6fa-552d146f2c97,LOREAL-ELS TOTAL REPAIR 5 REPAIRING SHAMPOO 400ML,12.1.3,gemini_ai,1.0000,
189cd414-1af6-40fa-a905-17f05476304f,MVUCA GREEN NATURAL APPLE 13 PHONE CASE,08.2.0,gemini_ai,1.0000,
195cc485-fd9d-4d5b-b4d8-ebf4fe0fdab5,PHASE 10 METAL BOX,09.3.1,gemini_ai,1.0000,
1ab94855-e801-49d8-9489-82e3501392ec,GREY TOOTHPASTE & TOOTHBRUSH HOLDER - SPIRELLA,05.5.1,gemini_ai,1.0000,
1b9e6b08-1db9-478a-850d-d4e76f57a082,SUIT FOR WOMEN STYLE LADY STYLE SOLID COLOR SLEEVELESS VEST VEST NEW HIGH WAIST WIDE LEG LONG PANTS TWO PIECE SET WITH BELT,03.1.2,gemini_ai,1.0000,
1bcde779-d12a-4e0f-86f3-ea6054362f88,JP-DRINKING BOTTLE -16.90FL OZ - 500ML - WINNIE TH,05.5.1,gemini_ai,1.0000,
1cc63f26-f25d-400a-aca6-35cab6e6f332,SHEMA FEMININE HYGIENE EMULSION 100ML,12.1.3,gemini_ai,1.0000,
1d4cb751-17c6-4a44-8ee2-38e83d40e332,VSOP FINEST BRANDY - BARDINET,02.1.1,gemini_ai,1.0000,
1ddb1ff2-8f5d-4498-910c-9508c32698ae,VECTOR 2-BLADE RAZOR REFILL - GILLETTE,12.1.3,gemini_ai,1.0000,
1e71d13a-70b7-408f-9257-1e16326d3ccb,IC BODYSWITCH LADIES CUSHION SUPPORT SNEAKER SOCKS,03.1.2,gemini_ai,1.0000,
2005423d-dc66-4ec7-bc76-f920707d06c9,SYRAH PAYS D'OC,02.1.2,gemini_ai,1.0000,
23cbca7b-62dc-47f4-b9a2-557fafdf7ddd,DISHWASHER CLEANER - FINISH,05.6.1,gemini_ai,1.0000,
259bd3f5-5545-4e7d-9940-ed3b224818f6,BOYPARTY SUIT,03.1.2,gemini_ai,1.0000,
26074ac0-416b-4f88-be03-56968aaa509e,MACADAMIA HAIR FOOD SHOOTING CONDITIONER FOR DRY AND FRIZZY HAIR - GARNIER,12.1.3,gemini_ai,1.0000,
27ef6910-a2ed-4579-8422-629fc996952c,LEVER CORKSCREW - FACKELMANN,05.5.1,gemini_ai,1.0000,
282627ab-fa28-44bd-a5f7-f2fbc6732f3b,ICEBERG LETTUCE (≈300G),01.1.7,gemini_ai,1.0000,
28e5f9d7-678d-45d9-9681-156182eaaa2c,LIX DETERGENT SUMMER FLOWER 5KG,05.6.1,gemini_ai,1.0000,
29710f3e-d58e-482f-bfb1-5981bf2327e7,MY-BEACH SANDALS - BOTANICAL FLOWER - US 4-6 - EU,03.2.1,gemini_ai,1.0000,
29f34e6a-7f93-4caa-9ee9-5da12582b702,HYALURONIC ACID LOW-PH CLEANSING FOAM - ISNTREE,12.1.3,gemini_ai,1.0000,
2c018ab8-ceb5-41d5-b921-4c9fdb76c9e5,UNO JURASSIC WORLD,09.3.1,gemini_ai,1.0000,
2dcb2b2c-5d8f-44ab-8bc8-9048be63efed,"CIDRE ""DOUX"" - MAM’ GOUDIG",02.1.3,gemini_ai,1.0000,
2e089a21-820c-4f42-8af6-03d7087d5fb8,1PCS WHITEBOARD MARKER,09.5.1,gemini_ai,1.0000,
2fc09f5c-0d25-4466-8e36-7a9e79828f2a,V60 12GB/256GB VIVO SMART PHONE PURPLE,08.2.0,gemini_ai,1.0000,
31ada903-86a3-4791-912c-2ae19112e52b,LIBRESSE SLIM LINERS UNSCENTED 32`S,12.1.3,gemini_ai,1.0000,
347a6ebb-2a88-41cb-8076-923f40dc847e,MONKEY 47 DRY GIN 6X50CL,02.1.1,gemini_ai,1.0000,
359998fc-647f-4cce-8108-b541b15d9f6d,QZ-K052-1 HOT POT DRAIN,05.5.1,gemini_ai,1.0000,
35d97c09-5aa8-4bb7-bf3c-67080c52ae39,GASSAN DAIGINJYO BLUE 720ML,02.1.1,gemini_ai,1.0000,
381b87ac-0e22-4fe1-8820-fdcbdfc72cc7,TOPVALU BOY PANTS,03.1.2,gemini_ai,1.0000,
38685c5b-812f-4a5d-8255-19d5337618c9,AQUA MARIS STRONG BOTTLE/30ML,06.1.2,gemini_ai,1.0000,
3886b642-aa21-4da4-ad5f-9fdd3b435795,PURATO NERO D`AVOLA 75CL,02.1.2,gemini_ai,1.0000,
3be184ba-7e9c-4f4c-988e-4e5d058c1120,HATOMUGI MOISTURIZING & CONDITIONING,12.1.3,gemini_ai,1.0000,
3dd94cf2-ed40-444b-8b02-ef9c2cb18c18,CHATEAU DE CAMENSAC 2018,02.1.2,gemini_ai,1.0000,
3f4b61c1-068f-4757-85db-0d4646a65cc1,PAPERLINE A4 COPY PAPER,09.5.1,gemini_ai,1.0000,
4024b558-14be-4f3c-b66c-0e8b8bb6156b,DOUBLE LAYERED STAINLESS STEEL RICE BOWL -13.5CM - 5.31IN,05.5.1,gemini_ai,1.0000,
4070c100-d222-4541-b0ce-d06e3a54aadf,IT0624-005 FLOOR MAT 48X78CM,05.2.1,gemini_ai,1.0000,
444846a6-cdd6-47c6-a653-819b9ed9c0ad,JP-FOOD STORAGE CONTAINER 750ML2P (DAISO),05.5.1,gemini_ai,1.0000,
45ee862f-3bf5-4510-b4bb-8e1efb83aa8e,TRIPLE SEC LIQUOR - BIGALLET,02.1.1,gemini_ai,1.0000,
4a2a6c74-0c70-488b-b182-0cdfaf393577,TVHC 569711 TV NYLON SPATULA-BK,05.5.1,gemini_ai,1.0000,
4ab803e0-650e-4daa-84f2-2c3d23f7cce9,PET DROIDBROWN MOUSE - GIGWI,09.3.1,gemini_ai,1.0000,
4c23a181-812c-48a9-85aa-e42ada00ad4e,MAXIMUM HOLD HAIR STYLING GEL - SUPER WET,12.1.3,gemini_ai,1.0000,
4d31c9b0-b97e-4738-893b-e59ee16e8abd,SUPER PARTAGAS CIGAR - PARTAGAS,02.2.0,gemini_ai,1.0000,
4d5eb296-033d-4066-a4ab-5875641db166,PENCIL BAG,09.5.1,gemini_ai,1.0000,
4e2c7ce1-6b93-4e56-bc32-dddd7f39f9bb,EXTRACT COTTON FACIAL TOWEL B-158.ORANGE,05.2.1,gemini_ai,1.0000,
4e4d6fdd-b2b4-4ef2-8d54-769fcf97b1c0,SKATER-MNT1MINI-TOWEL S PIG,05.2.1,gemini_ai,1.0000,
4ea46378-2762-4d46-ae5b-f7aa68157fc3,OLMECA REPOSADO,02.1.1,gemini_ai,1.0000,
534da239-1bd4-4edd-a0b6-0b3a7ef8bacb,FRESH HERB ALOE CLEANSING FOAM,12.1.3,gemini_ai,1.0000,
563c0702-3931-424c-a2f0-9117b3e240f3,25SS TV126AM0515G BABY BOY T-SHIRT,03.1.2,gemini_ai,1.0000,
56c2a9dc-d46b-4f6b-96df-be4529ddf642,BEAUA ARGAN&OLIVE NON SILICONE OIL CONDITIONER 550ML,12.1.3,gemini_ai,1.0000,
56ff4e84-59d4-4513-b4ad-a514e96f4dcc,STRESS RELIEF MOISTURISING LOTION FOR NORMAL AND DRY SENSITIVE SKIN - AVEENO,12.1.3,gemini_ai,1.0000,
577d9a7d-f175-40db-93db-d9d6d60e65c4,GODDESS FASHION HIGH-WAISTED SLIT A-LINE SKIRT INSTAGRAM STYLE SLIMMING SKIRT,03.1.2,gemini_ai,1.0000,
58d50cda-0837-4618-b0e2-04f389ba4c77,SAUCE WHISK - EQUINOX,05.5.1,gemini_ai,1.0000,
5971db34-8923-4348-892f-9ad52c3ed9c8,GAMMON HAM - YE OLDE OAK,01.1.2,gemini_ai,1.0000,
5b85250b-1b33-4792-b3b1-50b21c793c13,TV BLENDED SEASONING WITH SPICE & HERB 70 G,01.1.9,gemini_ai,1.0000,
5e7cde20-a51f-469a-af4a-f3c0e5ba2400,26T0126-2273-0048MINI TRUCK SET,09.3.1,gemini_ai,1.0000,
5e7da8a2-ea72-48ba-ad02-f2a17630b52b,NEW LAZY FLIP FLOPS WITH BAOTOU THICK HEELS AND POINTED HEADS INDOOR CASUAL WOMEN'S SLIPPERS OUTSIDE,03.2.1,gemini_ai,1.0000,
600dd8e6-db2e-45d8-913e-7c147fd6e866,26T0126-158-0171SQUIRT WATER GUN,09.3.1,gemini_ai,1.0000,
60658e51-7a7e-4944-ba65-13856eb330f5,HC 193562 ATV-LC PAPER CUP 195ML-NA-WBR,05.5.1,gemini_ai,1.0000,
60cfac14-a5d5-44a3-af2b-dde258ac7cfb,PASTIS PRADO 1L,02.1.1,gemini_ai,1.0000,
61175dad-a731-4f02-b92f-80bf8df0df3f,PROMINA BABY CEREAL MILKY RICE 6MONTH+,01.1.1,gemini_ai,1.0000,
6124386a-6e68-4956-8e7f-fb7b8777b84b,UNFROSTED BROWN SUGAR CINNAMON TOASTER PASTRIES - POP TARTS,01.1.8,gemini_ai,1.0000,
6131a8cb-1960-41da-a66c-9986910c9345,25SS TV126AM0455G BABY BOY PANTS,03.1.2,gemini_ai,1.0000,
623881c6-d279-4833-af71-306b079cf288,OREO VANILLA 27.6G,01.1.8,gemini_ai,1.0000,
626859ad-710d-4ab1-91a1-f293b6627aee,WHITE BEER - HOEGAARDEN,02.1.3,gemini_ai,1.0000,
6272badf-4117-45ea-a11e-7010d83f7b08,PEPERO SNOWY ALMOND - LOTTE,01.1.8,gemini_ai,1.0000,
641dc25e-2637-437c-b502-c0efa7b7465d,BLOCK BLOCK BURRITO,09.3.1,gemini_ai,1.0000,
644d5f4f-344d-47d9-a5bd-92f75b8a55b0,RICH & CREAMY CREAM CHEESE - BETTY CROCKER,01.1.4,gemini_ai,1.0000,
6555ada7-95dc-41e8-bc23-4f869aa74d6a,HYDRATATION INTENSE HANDCREAM - NIVEA,12.1.3,gemini_ai,1.0000,
6837cdde-9594-486b-8fbf-5004d127409b,SFS SHISEIDO FUTURE SOLUTION LX TOTAL RADIANCE FOUNDATION E NEUTRAL2 30ML,12.1.3,gemini_ai,1.0000,
68e20b4b-efa0-4da3-9285-2ecf618efb6f,KLEN LIQUID CLEANER 900ML,05.6.1,gemini_ai,1.0000,
68f307da-4e7c-43df-944f-3223e87cf869,PASTIS DE MARSEILLE,02.1.1,gemini_ai,1.0000,
69646e62-9ffe-4300-9ef4-6955a4ba7cdd,ADMB VICTORY LEAGUE FRESH POWER BODY DEO SPRAY 150,12.1.3,gemini_ai,1.0000,
6bf03022-015d-46fa-94be-29e39f642c44,GLUTEN FREE BEEF STROGANOFF RECIPE BASE - MAGGI,01.1.9,gemini_ai,1.0000,
6d6b413c-fddf-468e-bf1c-cb9f47e178d6,FLOOR PUZZLE THE WHEELS ON THE BUS,09.3.1,gemini_ai,1.0000,
6d942f02-2f66-499a-92b7-46329993d3b2,LITTLE ONE SUPER-SOFT NEWBORN88 0-4KG,12.1.3,gemini_ai,1.0000,
6dcd80f5-09af-4c52-bfbb-c208cf6b1c1e,LARG MARIE BISCUIT 200G 24 X 200G,01.1.8,gemini_ai,1.0000,
6e9127fa-998c-4b1e-9303-8fc1f1590440,TVHC 544930 FOOD BOX WATER-REPEL 5PCS 180ML,05.5.1,gemini_ai,1.0000,
6f16926a-356a-4322-a5f9-ec00d9cd3ba8,IC TOPVALU MEN SOCKS SHORT CASUAL PLAIN 4PCS,03.1.2,gemini_ai,1.0000,
6f228641-b326-4b28-b87b-130a7ecbacda,SUNTORY WHISKY TOKI,02.1.1,gemini_ai,1.0000,
70ddf162-47fd-4454-9707-32ef83a8811f,ORANGE BLOSSOM SHOWER GEL - COTTAGE,12.1.3,gemini_ai,1.0000,
71ac39d1-ff8b-440f-8dd8-114f97ffebfb,BABY T-SHIRT,03.1.2,gemini_ai,1.0000,
71e919a2-fbbb-4d88-9530-b1661a64866e,JASMINE HAND CREAM - SENTEURS D'ANGKOR,12.1.3,gemini_ai,1.0000,
7297e871-2fe5-49c0-b044-c272e519f895,MAKE THE DIFFERENCE,09.3.1,gemini_ai,1.0000,
72b30abd-dc1b-43ff-8c8c-364926bcebb3,JIM BEAM WHITE 75CL BOURBON WHISKY,02.1.1,gemini_ai,1.0000,
72e8a355-a272-44b1-98e1-c0a018f56661,WHITE RUM 42°,02.1.1,gemini_ai,1.0000,
7331f5ba-0bfe-4b9c-ae5d-6672e6d881b5,BLUE CURACAO - BARDINET,02.1.1,gemini_ai,1.0000,
757e317a-1fb1-4b0c-9cd5-029856ffe837,IC TOPVALU MEN T-SUIT LONGSLEEVE SET,03.1.2,gemini_ai,1.0000,
762e2339-28d0-46b9-99b8-c2250f455e0b,MINI TRUCK SET,09.3.1,gemini_ai,1.0000,
764fd390-4284-4c7f-8e07-c410b09bf403,TVHC 568615 WASHABLE KINIT SLIPPER M PN,03.2.1,gemini_ai,1.0000,
766339c1-33a7-470c-a994-150b001fbbf1,ULTRA-THIN PADS WITH WINGS REGULAR - CONTTONS ORGANIC,12.1.3,gemini_ai,1.0000,
78360420-35d5-4f33-b84f-e2494385746f,SHORT SOCKS FOR WOMEN -RIGHT ANGLE - PLAIN - GRAY - 3PAIRS,03.1.3,gemini_ai,1.0000,
788d9ddb-4e06-49dd-a63c-fc1fe545f27e,VIETNAMESE RICE STICK - SUNLEE,01.1.1,gemini_ai,1.0000,
7911fbdf-9f15-4d7b-aefd-ceddff0ee15d,JUICY SALT BODY SCRUB,12.1.3,gemini_ai,1.0000,
7c64813f-6185-4777-9c73-b42c37d1448c,EUROPA 1912,09.3.1,gemini_ai,1.0000,
7e8ba531-66bb-4653-8ece-dd312236e625,WHITE & REFLECTIVE RAINBOWN WAVY STRIPS WRAPPING PAPER SHEET,09.5.1,gemini_ai,1.0000,
7fc15569-9ed3-481f-9ed1-04c1f7784d5e,RED WHITEBOARD MARKER MAXIFLO 6.0MM - PENTEL,09.5.1,gemini_ai,1.0000,
7fe2ba65-2cd5-41de-a154-526101b23323,IPHONE 17 PRO 1TB DEEP BLUE,08.2.0,gemini_ai,1.0000,
817645e7-eced-4584-a26b-86a26dd182bf,CHATEAU DE L'ORANGERIE PREMIER VIN,02.1.2,gemini_ai,1.0000,
8182b533-1685-4f16-8b5f-483e5e1c2abe,MY-HARD CARD CASE (A4SIZE CORNER COLOR),09.5.1,gemini_ai,1.0000,
82e8c039-ddce-41d3-8923-4750bf208318,DASANI WATER 350ML PCS,01.2.2,gemini_ai,1.0000,
82ee007a-c939-4b87-8eb7-c409e10612aa,BABY DRY DIAPER 4-8KG - PAMPERS,12.1.3,gemini_ai,1.0000,
84c76771-712c-4d73-ac3d-ae7164308db9,26T0126-2273-0066 BEST BUY MINI TRUCK,09.3.1,gemini_ai,1.0000,
85f31b9d-8e5e-4a2e-bbce-ac9eff7caaa6,OPPO A6 6/128GB SMART PHONE SAPPHIRE BLUE,08.2.0,gemini_ai,1.0000,
863533be-fed0-436d-9e78-dc93ce99e711,BAIXIANG INSTANT NOODLE HOT SPICY,01.1.1,gemini_ai,1.0000,
87d261fc-0f0c-4b58-ab3d-9ebfe51e3f30,MACADAMIA HAIR FOOD SHOOTING CONDITIONER FOR DRY AND FRIZZY HAIR - GARNIER,12.1.3,gemini_ai,1.0000,
8824882a-edbe-4bb0-9ea9-5d71f25c0fa5,ANGKOR SKY PINT 330ML PCS,02.1.3,gemini_ai,1.0000,
89c38211-8c65-4798-a7da-cf240b951055,MEN'S WATCH QUARTZ WATCH TRENDY FASHION WATCH ONLINE CELEBRITY HOT MODELS,12.3.1,gemini_ai,1.0000,
89e07099-7aa2-4e94-afeb-53a82cba0766,OPPO A57 SMART PHONE,08.2.0,gemini_ai,1.0000,
8a6ed010-eadb-4426-9335-12a781a12d3c,CASTING SHADOW EXPANSION,09.3.1,gemini_ai,1.0000,
8a945d01-2a54-4bcf-9656-27a4d0e80510,ARMANI EDP SPARY 50 ML,12.1.3,gemini_ai,1.0000,
8ab92f49-49d3-4eff-83b4-0df6bf74c6bd,LA SPIRAL WASHING - SPONTEX,05.6.1,gemini_ai,1.0000,
8ad5d53c-2d89-4d14-8ea0-b2d6367e9089,SHAKING GAME,09.3.1,gemini_ai,1.0000,
8b0343c0-071f-48e3-a9aa-f263f1336c34,IC SILKYFACT COTTON LADIES STRAIGHT PANTS,03.1.2,gemini_ai,1.0000,
8c73eb40-3edb-4292-8e99-d5462f60380c,BARMON'S SPECIAL GIN,02.1.1,gemini_ai,1.0000,
8d8243ea-21f5-4724-9850-2422a47023e7,KIM KIM SOJU STRAWBERRY FLAVOR 360ML,02.1.1,gemini_ai,1.0000,
8d91167a-4915-49a9-8c14-488418cbbddf,TVHC 569292 BASIC SANDAL LL- BK,03.2.1,gemini_ai,1.0000,
8dfd07e8-fb1d-4965-a3e7-9e8ddef18f6c,OLIVE OIL MOISTURISING FACE MASK FOR DRY AND SENSITIVE SKIN - LE PETIT OLIVIER,12.1.3,gemini_ai,1.0000,
8fd39cc1-aa58-4b30-846d-58852f5f5235,DOBBLE 1 2 3,09.3.1,gemini_ai,1.0000,
904f37e1-7973-4e01-915c-e0a26af65a79,35PCS/BOX DELI COLORED PUSHPINS METAL THUMB TACKS MAP DRAWING PUSH PINS OFFICE STATIONERY,09.5.1,gemini_ai,1.0000,
90993e6a-bc38-4fb2-bd14-5faefe23e7d3,LADIES PAJAMAS,03.1.2,gemini_ai,1.0000,
90af2835-5ae8-4711-b970-094e198e01ef,TITANOREINE 2% CREAM,06.1.1,gemini_ai,1.0000,
9121f398-10f8-447a-aeda-4207e9fccb65,CHAMPAGNE MUMM CORDON ROUGE BRUT,02.1.2,gemini_ai,1.0000,
9382dfd5-1658-47ba-8ed9-215238599cbe,PAVÉ CEREAL - ERIC KAYSER,01.1.1,gemini_ai,1.0000,
9491a667-7964-417c-9f3f-8340bab0dcf6,PEPSODENT TOOTHPASTE TRIPLE PROTECTION 140G,12.1.3,gemini_ai,1.0000,
95007ce6-1e3d-49a9-99be-52a3e344b1f0,PORTO ROHEZ RED - BELLE FRANCE,02.1.2,gemini_ai,1.0000,
96bf6f7b-cc7e-4952-adb3-d3abfe1ad1a8,JP CHENET RED SYRAH,02.1.2,gemini_ai,1.0000,
978af4d7-b3d4-465a-8c15-ae3dea188e05,MOJO 02 SHIRAZ,02.1.2,gemini_ai,1.0000,
97f63900-b125-4072-9553-152674e65a2a,BALDERDASH,09.3.1,gemini_ai,1.0000,
98b7a0c9-80b2-4dad-8c84-a6cbce9335ed,IC TOPVALU LADIES SOCKS SNEAKER LAME THREAD,03.1.2,gemini_ai,1.0000,
99b926bb-40af-4688-bbfb-269992fbd481,GIZMOS,09.3.1,gemini_ai,1.0000,
9bf0e299-882c-4feb-a24c-e24f268efb21,SCISSORS FOR CUTTING HAIR OF THE NOSTRILS (DAISO),12.1.3,gemini_ai,1.0000,
9d149777-d039-4851-9601-5959951e9993,LIVER DETOX - SWISSE,06.1.1,gemini_ai,1.0000,
9d191005-0829-4197-b3d9-ea694b46ca61,DIARUM 2MG,06.1.1,gemini_ai,1.0000,
9e84dbb6-9931-43c7-b349-69c715ef9c78,GREEN APPLE - DELISHOP FRESH,01.1.6,gemini_ai,1.0000,
a169bb88-7c63-44ca-a1ab-fcd7842a793f,PURE FRESHNESS FRESHISSIME ALCOHOL FREE DEODORANT SPRAY - NARTA,12.1.3,gemini_ai,1.0000,
a2fbea3e-4677-4018-8a61-67e4951544b8,BOY T-SHIRT,03.1.2,gemini_ai,1.0000,
a3971ec9-297e-4fda-95a7-117bcc28bc43,MELON LIQUEUR - BOLS,02.1.1,gemini_ai,1.0000,
a4103af8-7e0f-4ea3-b3a2-b13673a2489a,GSN-BRIGHT COMPLETE CLEAR UP ANTI-ACNE MASK28G,12.1.3,gemini_ai,1.0000,
a4d60895-c911-4f7e-be81-ae3768ebf14e,HYDRATION BOOSTING SOLID SERUM WITH ROSEHIP OIL - BALADE EN PROVENCE,12.1.3,gemini_ai,1.0000,
a506c26e-e143-4bf6-b54a-729c2e2f53fa,BABY POWDER,12.1.3,gemini_ai,1.0000,
a6080819-6644-465d-affd-d5712334e15d,STICKY NOTE MU24SS MN,09.5.1,gemini_ai,1.0000,
a63f0025-4d90-45cd-ab06-5cce4cf3a6b5,BOW BALM MEDICATED OIL 7ML,06.1.2,gemini_ai,1.0000,
a80a33b7-1e4c-4d4d-b5b2-d2b2de556073,BABY JUMPSUIT,03.1.2,gemini_ai,1.0000,
a85a2bda-c4a1-4549-80c6-b80d092d2bf8,WHITE KAMPOT PEPPER 20X80G,01.1.9,gemini_ai,1.0000,
a88f58b1-8a4f-419d-a564-4d7886a4e71e,B01K4-J-BABY-036 DRESS,03.1.2,gemini_ai,1.0000,
ab2ba58d-f93f-4887-b49a-f27f19b43eb9,LIQUID DETERGENT BRIGHT COLOR - MAGIC AMAH,05.6.1,gemini_ai,1.0000,
ab3bdb47-1553-481c-90e1-c483ed3d8b73,IC SILKYFACT LADIES INNER TUBE TOP WITHCUP,03.1.2,gemini_ai,1.0000,
ab73d4fa-0366-4e7e-9ac0-ec39d730142d,TUNIE-LVJU-TUNIE-E-MOTOR BIKE,07.1.2,gemini_ai,1.0000,
ab82efe5-cf3a-4c1c-bca4-b725bbe351f3,TVHC 570403 MULTI BASKET RG SHALLOW GG 38X26X12,05.5.1,gemini_ai,1.0000,
ab88668a-7f55-4bc6-bff7-d15c2faad6fe,HC 359398 EASY-TO-USE ALUMI HANGER 50P,05.5.1,gemini_ai,1.0000,
ac32b7c2-86c3-4b86-b64b-64a765a69e14,GRAVES EXPERT CLUB,02.1.2,gemini_ai,1.0000,
ac40476e-87a0-4039-aaf8-a22ce6fb787f,KIT KAT CHUNKY RAISIN&COOKIE 38G,01.1.8,gemini_ai,1.0000,
ac750ea6-4a7d-455c-9e56-70814e62a0f1,IC TOPVALU LADIES SEERSUCKER PANTS,03.1.2,gemini_ai,1.0000,
ac8dab62-1cc8-490c-afe7-dd10afd00b08,FABRIC SOFTENER PINK SWEET - HYGIENE,05.6.1,gemini_ai,1.0000,
acce5791-a933-40a9-a878-d9c90d540f60,IC MIRAIBEAUTY LADIES FIT PANTIES,03.1.2,gemini_ai,1.0000,
af3c7b54-85e4-4d15-817d-be06b740f320,POCARI SWEAT 500ML,01.2.2,gemini_ai,1.0000,
afa4307f-abf6-4b6c-bccf-ce50f685b3cd,BOY SHIRT,03.1.2,gemini_ai,1.0000,
b27be822-6919-4168-ab18-0006068ef748,VEGETABLES CRUNCHY CRACKERS - AFC,01.1.8,gemini_ai,1.0000,
b31d0bbf-4cb0-4f30-9196-bcd96b66e26c,DOUBLE SIDED TAPE DISPENSER - UNICORN,09.5.1,gemini_ai,1.0000,
b3483987-446e-4bc4-9a2a-a36967d9a5c6,KIRUM PRAHOK POWDER- REGULAR FLAVOR 70G,01.1.9,gemini_ai,1.0000,
b3fb0cd7-e9f7-4e3d-bccb-e2d8cc6f1c58,NECK HANGING TYPE LAZY HANGING NECK PHONE SNAKE-SHAPED STAND BLACK,08.2.0,gemini_ai,1.0000,
b42d0118-f115-4b5b-9d09-df1929abf46b,"""COVER DRIVE"" (COONAWARRA/CLARE VALLEY) - JIM BARRY",02.1.2,gemini_ai,1.0000,
b47376b4-b2fb-4514-82ba-e2963e9be37e,TVHC 085725 IH-DIAMOND COATING LWG FRY PAN-20CM,05.5.1,gemini_ai,1.0000,
b477c0fb-47a5-42c0-855c-d5562af75c46,COOL & HEALTHY ANTI-DANDRUFF SHAMPOO - KLEN,12.1.3,gemini_ai,1.0000,
b4a6efcb-7d3d-4ed6-8ee5-47ba71e42c66,POLICE TRUCK SET,09.3.1,gemini_ai,1.0000,
b4c76842-9cdf-49d7-b4aa-e523de636bc6,BOY SANDALS,03.2.1,gemini_ai,1.0000,
b6e1d64d-3765-4e71-a894-2a2c70482855,BANGLE QUARTZ ROUND 6MM - ALICE VARINI JEWELRY,12.3.1,gemini_ai,1.0000,
b71464e8-8ff4-4cbb-b4be-1f30057186c4,UUCARE CROWN DAY 240MMX16S,12.1.3,gemini_ai,1.0000,
b75569a9-d62e-4008-bffe-102943eec829,TEAM FORCE EAU DE TOILETTE - ADIDAS,12.1.3,gemini_ai,1.0000,
b7f5f490-ae4f-423b-ac3b-ce23bf4f85ea,PRACTICAL CALCULATOR 8 DIGITS - CASIO,09.5.1,gemini_ai,1.0000,
b9e698da-bce4-4b72-829e-11435fe6228c,HFX91-963NT LARGE DIECAST ASSORTMENT,09.3.1,gemini_ai,1.0000,
ba531404-4559-495c-a7f0-71fb76377186,BREADED FISH FINGER - ICELAND,01.1.3,gemini_ai,1.0000,
bc2f9c8e-5928-47ae-bfb8-c28d6b40c689,IC TOPVALU MEN TOPS SHORTSLEEVE CREW NECK,03.1.2,gemini_ai,1.0000,
bc4e9955-b38b-4edb-a292-f6484ec86aea,ORANGE BOSS HIGHLIGHTER - STABILO,09.5.1,gemini_ai,1.0000,
bc692aae-bf36-40c6-9ac8-6ed76567d2e1,NAKAMURA SHUZO KANAZAWA UMESHU BAIRI 500ML,02.1.1,gemini_ai,1.0000,
bd0f5c9a-dbae-43d9-9f1d-33d31b2e94e0,"FIESTA AUTOMATIC PENCIL 0,5MM - PENTEL",09.5.1,gemini_ai,1.0000,
bd44b996-bae9-4ead-9ec0-e330715d014c,WOMEN'S LONG SLEEVE DRESS ROUND NECK,03.1.2,gemini_ai,1.0000,
be663b80-8cfc-447d-a819-6099b88482c0,TVHC- ROUND PLATE WHITE CERAMIC 15.5CM,05.5.1,gemini_ai,1.0000,
bf063bda-4a17-4f28-bffe-67d9c727b611,FLIP-FLOPS WOMEN'S NON-SLIP THICK BOTTOM HOME INDOOR BATHROOM CLIP-ON BEACH SANDALS FOR OUTER WEAR,03.2.1,gemini_ai,1.0000,
bf3d06fd-d9ed-49d6-a175-b66664eca216,UNSOLVED CASE FILES LUNA KNIGHT,09.3.1,gemini_ai,1.0000,
c1b252a6-d3eb-4e71-ab16-4ebfb79202d5,LEAF PALETTE 800ML,05.5.1,gemini_ai,1.0000,
c2a05a57-eafe-4844-970c-cf303a73725d,JIM BEAM BLACK,02.1.1,gemini_ai,1.0000,
c3bb25e2-e389-4195-ab0a-1134ad33060c,SXN15007.33,09.5.1,gemini_ai,1.0000,
c4117717-8a49-47a1-8e1c-8802b309cd33,TVHC 043220 ONIGIRI LUNCH BOX 1TIER DG-625ML,05.5.1,gemini_ai,1.0000,
c44b8edc-8c8d-4d09-8b8a-6f3852fa118d,FOOD CONSERVATION BAG 20CMX30CM,05.6.1,gemini_ai,1.0000,
c4c3f4e0-8fde-46d7-8b5d-91dd3bd12b6d,BOOK COVER (SMALL SIZE),09.5.1,gemini_ai,1.0000,
c5957d36-4d3c-4d01-9044-85ae2365e055,CARTA VIEJA CHARDONNAY,02.1.2,gemini_ai,1.0000,
c6590cdd-b608-4e83-b628-bc97adb7f3e1,THINK NATURE ESSENTIAL OIL SHAMPOO VERBENA 500ML,12.1.3,gemini_ai,1.0000,
c8abdcb8-ab00-4ef8-9496-98cf0478cc58,ULTRA RESISTANT DRAWSTRING GARBAGE BAG - HANDY BAG,05.6.1,gemini_ai,1.0000,
c97f4a8e-436e-4f2f-934c-ac0814bf62f5,FLEXIBLE FABRIC BANDAGE - CORALITE,06.1.2,gemini_ai,1.0000,
c988de46-1c55-498f-a1c6-125791c298a6,SOY SAUCE - KIKKOMAN,01.1.9,gemini_ai,1.0000,
ca8bd61c-394f-4e5a-a39d-b01f101d906d,NIGHT BLUE - WINSTON,02.2.0,gemini_ai,1.0000,
cc519dd9-4e38-4551-aa42-e00f23583041,APPETIT TONUS SYRUP - PEDIAKID,06.1.1,gemini_ai,1.0000,
cf6cfcc6-efc7-44da-93e4-1f9d37949700,MERGUEZ (BEEF & LAMB) - BASSAC FARM,01.1.2,gemini_ai,1.0000,
cf9a234e-ea24-4d6f-8e0a-2ab23c44c876,BLUE TWIST ERASE CLICK AUTOMATIC PENCIL 0.5MM - PENTEL,09.5.1,gemini_ai,1.0000,
cfde2633-11b6-4d40-8a5e-837d5210f818,TOPVALU KIDS HOMEWEAR,03.1.2,gemini_ai,1.0000,
d076eaf1-865c-439a-bd76-526266f253d3,DUCK TRAP,09.3.1,gemini_ai,1.0000,
d0f17dc7-8074-477f-836b-9be49e527720,HIBIKI BLENDER'S CHOICE,02.1.1,gemini_ai,1.0000,
d11c90e4-de5d-4ed8-8b2c-a6b725006e38,JULIENAS RED EXPERT CLUB,02.1.2,gemini_ai,1.0000,
d2265563-6d0f-4a39-8e1c-4aa09c4719d6,IC TOPVALU LADIES HIGH WAITS SEAMLESS PANTIES,03.1.2,gemini_ai,1.0000,
d3b3e3fb-041f-4df1-8761-e386bb2af435,WHEAT STRAW CUTTING BOARD NON-SLIP VEGETABLE MEAT CHOPPING BOARD WITH HANGING HOLE,05.5.1,gemini_ai,1.0000,
d3cd76c6-3645-441d-8228-dd8b40c185c5,BIO OIL 25ML,12.1.3,gemini_ai,1.0000,
d40aebd3-af7b-4142-aae7-fde96b98a0f4,TVHC-266239 SCISSORS,09.5.1,gemini_ai,1.0000,
d4d38725-8431-4581-8c28-325fa1fd80c3,SP0325-007-LADEIS KETLE BELL 6KG,09.3.1,gemini_ai,1.0000,
d6082e40-a9f1-4c40-949f-b48ca9afa54c,SAPPORO PREMIUM CAN 500ML (CASE),02.1.3,gemini_ai,1.0000,
d663c6fd-9d6f-4b32-842b-43a19cf0b1b1,"RHUM GRAND FOND GALION, WHITE RHUM 1000ML",02.1.1,gemini_ai,1.0000,
d747e116-0d26-40cc-ac9a-511f51e871bb,AUCHENTOSHAN 12 YO SINGLE MALT SCOTCH WHISKY,02.1.1,gemini_ai,1.0000,
db89cdeb-aef9-4de1-8cb7-c8f77c9e77e3,IC SILKYFACT COTTON LADIES INNER SLEEVELESS,03.1.2,gemini_ai,1.0000,
dc0abd1f-bdd5-4288-8e54-16a70263331d,DOM PERIGNON 2013,02.1.2,gemini_ai,1.0000,
dc5756d8-57e1-4242-9b8a-1d365d7184b1,TESSA TP 02 FACIAL 260`S,12.1.3,gemini_ai,1.0000,
ddb2f120-660d-401b-b5af-a4ffa6892917,DUMPER TRUCK,09.3.1,gemini_ai,1.0000,
de21560f-9748-4553-8f4a-a85ed495a865,FOB GUNI BEAR 5 PACKS OF CHILDREN'S UNDERWEAR 95 COTTON BOYS AND GIRLS BOXERS BABY SHORTS CARTOON STUDENT BOXERS,03.1.2,gemini_ai,1.0000,
de95a892-cccc-4654-b9c8-38c819e0c834,TEA LIGHT 12PCS/SET,05.6.1,gemini_ai,1.0000,
dffb3976-8494-4fe6-bf8f-24e6cc7a1a7f,MAXI WINGS - LIBRESSE,12.1.3,gemini_ai,1.0000,
e11fa6d0-2b13-4083-b9d5-04de54fcdf25,LAUNDRY POWDER BOUQUET DE PROVENCE - PERSIL,05.6.1,gemini_ai,1.0000,
e1ced2b9-3e1c-4944-8948-b67af13dc0a5,OREGANO LEAVES - MASTERFOODS,01.1.9,gemini_ai,1.0000,
e211d402-9bb4-450b-a6f4-8b4348eb10ce,LIE DETECTOR,09.3.1,gemini_ai,1.0000,
e2826c4f-8a6c-4f26-b996-608530bb4958,TVHC 567427 SUPER SOFT FACE TOWEL YE 34X80,05.2.1,gemini_ai,1.0000,
e2db4bdb-fec7-4787-bafd-5e04d18e0768,IC TOPVALU MEN TOPS SHORTSLEEVE V-NECK,03.1.2,gemini_ai,1.0000,
e39db615-21e7-45ac-9ed1-190da540bf68,WHITE CHOCOLATE & PEANUT CREAM SNACKS - BON O BON,01.1.8,gemini_ai,1.0000,
e52c123f-e81d-4567-94ec-12f5e43a7d2b,COGNAC HENNESSY V.S.O.P,02.1.1,gemini_ai,1.0000,
e6bd94f1-8e97-44a7-b1b2-6244540af4e6,ORGANIC EARL GRAY BLACK TEA - KHLA,01.2.1,gemini_ai,1.0000,
e6c61493-2166-4713-b9bf-c6b4fd75e6bf,TVHC 045521 CHELLILLE JACQUARD RUG-BE 200X240,05.2.1,gemini_ai,1.0000,
ec81c672-3d43-4194-ae1a-6481fcd7eb6c,BOY SETS,03.1.2,gemini_ai,1.0000,
ee48dc5a-239e-4f78-92ad-e4a1aabbad81,"L`OREE DE LA CHENAIE RED, FRANCE",02.1.2,gemini_ai,1.0000,
ee6e8f32-3806-49df-aec9-f68beba23333,BICARBONATE LIQUID LAUNDRY DETERGENT - LE CHAT,05.6.1,gemini_ai,1.0000,
ee8e331d-940f-495f-85b9-fa74e99f72f2,UNSOLVED CASE FILES MURDER ON MOUNT MORTIMER,09.3.1,gemini_ai,1.0000,
eec150fd-c329-48be-ab9c-fb738f19a44a,BAKED BEANS WITH SAUSAGE IN TOMATO SAUCE - MORRISONS,01.1.7,gemini_ai,1.0000,
f1f604be-bf00-44f1-b06c-2ab9145517cf,IC TOPVALU MEN BOXER MESH PLAIN,03.1.2,gemini_ai,1.0000,
f2f37ce2-ab3b-49f7-808b-25be25daacf4,SGS SHISEIDO INSTANCE EYE & LIP MAKEUP REMOVER,12.1.3,gemini_ai,1.0000,
f32e0f43-804f-47f0-891e-a4cb8bb1e6be,COTTON TIPPED PLASTIC STICK 350PCS (DAISO),12.1.3,gemini_ai,1.0000,
f404429e-b2d3-4486-8e1f-b862510e83e5,MAZE GAME,09.3.1,gemini_ai,1.0000,
f4b131ac-9424-4cff-a653-e89cb0f63035,RED PEPPER CORN - SELA PEPPER,01.1.7,gemini_ai,1.0000,
f5a2ea8c-052d-46d3-aafe-05534527b99f,DARK CHOC CHERRY AND COCONUT BAR - CARMAN'S,01.1.8,gemini_ai,1.0000,
f5e66948-775d-4102-9052-37653a3414b2,LAY'S WAVY TEXAS TENDERLOIN STEAK FLAVOR 43GM,01.1.8,gemini_ai,1.0000,
f7357013-41c3-4cd7-a832-ced83eb5144c,IC TOPVALU LADIES PANTIES MOISTURE REDUCTION,03.1.2,gemini_ai,1.0000,
f7b2a0bd-c290-4df9-bd10-dca8e56a5ae2,MOZZARELLA BOCCONCINI - MAMAKO,01.1.4,gemini_ai,1.0000,
f9eb5960-b1bf-478e-8676-90c3d2a9903c,4711 VITALIZING - LEMON & GINGER EDC 170 ML,12.1.3,gemini_ai,1.0000,
fbc5b269-fb75-4f5f-a264-974693bd5e80,TIGER PLASTER LARGE COOL,06.1.2,gemini_ai,1.0000,
fd2c8d19-45d3-4a13-97bc-55d24b85d0eb,TV STICK 2K (2RD GEN) - XIAOMI,09.1.1,gemini_ai,1.0000,
fe84e9d2-a5d4-47be-bbad-bf892d9be8cd,BONNE MAMAN STRAWBERRY PRESERVES 30G X 60,01.1.8,gemini_ai,1.0000,
0004963e-e465-437d-a9db-6b5bdd16a584,AGC-G2613 OPE GLASS SHOT 17/8OZ,05.5.1,gemini_ai,1.0000,
