coicop_division,division_name,weight_pct,source,effective_date
"01","Food and non-alcoholic beverages",44.800,"NIS Cambodia Official Basket",2026-08-01
"02","Alcoholic beverages, tobacco and narcotics",1.500,"NIS Cambodia Official Basket",2026-08-01
"03","Clothing and footwear",2.900,"NIS Cambodia Official Basket",2026-08-01
"04","Housing, water, electricity, gas and other fuels",17.100,"NIS Cambodia Official Basket",2026-08-01
"05","Furnishings, household equipment and routine household maintenance",3.300,"NIS Cambodia Official Basket",2026-08-01
"06","Health",5.600,"NIS Cambodia Official Basket",2026-08-01
"07","Transport",12.200,"NIS Cambodia Official Basket",2026-08-01
"08","Communication",3.900,"NIS Cambodia Official Basket",2026-08-01
"09","Recreation and culture",1.900,"NIS Cambodia Official Basket",2026-08-01
"10","Education",1.500,"NIS Cambodia Official Basket",2026-08-01
"11","Restaurants and hotels",3.100,"NIS Cambodia Official Basket",2026-08-01
"12","Miscellaneous goods and services",2.200,"NIS Cambodia Official Basket",2026-08-01
