division,match_column,match_regex,and_regex,negate_regex,exclude_stores,include_stores,priority,note
01,canonical_name,\mseasoning\M|\mspices?\M|\mmarinade\M,,,,,100,cross-cutting fix: seasoning/spice/marinade are food even when name mentions barbecue or grill
01,canonical_name,wine vinegar,,,,,101,vinegar is food not alcohol
05,canonical_name,wine glass|wine rack|wine opener|wine cellar|wine cooler,,,,,102,wine accessories are kitchenware not alcohol
01,canonical_name,\m(barbecue|bbq) sauce\M,,,,,103,bbq/barbecue sauce is food not household appliance
05,canonical_name,measuring cup|measuring spoon|french press|cafetiere,,,,,104,kitchen tools are furnishings not personal care
01,canonical_name,\mhot ?pots?\M base|hotpot base|soup base,,,,,105,hot pot soup base is food not cookware
01,canonical_name,teriyaki,,,,,106,teriyaki sauce is food
01,canonical_name,tokpokki|tteokbokki|topokki,,,,,107,korean rice cakes are food
09,canonical_name,\miphone(s)?\M|\msmartphones?\M,,,,,108,supermarket electronics -> recreation per project taxonomy (test_coicop_08_stores_only forbids 08 outside telecom stores)
01,canonical_name,short noodle|cellophane noodle|\mbiscuits?\M|pretzels?|porridge,,,,,110,noodles/biscuits/pretzels/porridge are food even when name contains SHORT
12,canonical_name,\mavene\M|bioderma|biolane|bio oil|uriage|evian facial|herbday|sensibio|photoderm|hydrabio|cleanance,,,,,120,dermo-cosmetic skincare brands -> personal care
12,canonical_name,(cosmetic|cosmetics|makeup|lipstick|mascara|eyeliner|eyeshadow|foundation|concealer|blush|perfume|cologne|eau de|body mist|fragrance|shampoo|conditioner|body wash|shower gel|shower cream|shower foam|bath foam|bubble bath|shower oil|bath oil|body lotion|face lotion|lotion|deodorant|antiperspirant|sunblock|sunscreen|sun care|spf|toothpaste|toothbrush|dental floss|mouthwash|razor|shaving|shaver|soap|handsoap|hand soap|facial cleanser|face wash|moisturizer|moisturiser|lip balm|lip gloss|nail polish|nail polish remover|cotton bud|cotton pad|cotton wool|cotton swab|hair oil|hair cream|hair gel|hair spray|hair mousse|beard oil|aftershave|nail scissor|nail scissors|cuticle scissor|cuticle scissors|manicure scissor|manicure scissors|nail clipper|nail clippers|nail file|nail files|cuticle nipper|cuticle pusher|manicure|pedicure|emery board|nail shiner|nail care|tweezers|comb|brush|hairbrush|hair comb|face mask|sheet mask|eye cream|hand cream|body cream|hand lotion|facial serum|toner|cleanser|exfoliat|\mmask\M|mask sheet|mask pack|mask box|facial mask|facemask|eye mask|hair mask|foot mask|body mask|body scrub|face scrub|foot scrub|face cream|night cream|day cream|moisturizing cream|cleansing cream|tone up cream|foot cream|soothing gel|peeling gel|cica|collagen dream|vital perfection|future solution|ampoule|shiseido|nature republic|yadah|eunyul|bioderma|biolane|sanosan|dr medica|skin clinic|paxmoly|hair vitamin|hair clinic|baby lotion|baby oil|baby powder|baby wash|baby shampoo|baby bath|baby care|jewelry|jewellery|necklace|necklaces|earring|earrings|bracelet|bracelets|\mrings?\M|diamond|sunglass|sunglasses|wrist watch|quartz watch|analog watch|\mwatch(es)?\M|purse|purses|wallet|wallets|umbrella|umbrellas|lighter|lighters|haircut|hair salon|beauty salon|nail salon|spa|massage|visa fee|passport|bio-oil|bio oil|hadalabo|cetaphil|saforelle|klorane|old spice|hair serum),,(apple watch|galaxy watch|huawei watch|smart watch|smartwatch|watch fit|watch gt|galaxy fit|gas mask|dust mask|masking tape|respirator|surgical mask|medical mask|protective mask|earloop|detergent|softener|fabric care|measuring cup|cookie|cookies|biscuit|biscuits|candy|chocolate|cake|cereal|onion ring|ring cake|candy necklace|pasta|spaghetti|sparerib|ribs|pringles|snack|chips),"khmer24,realestate,communitypharma,sokhahotel,hyyathotel,hyatt,bayonbkk,bookmebus,redbus,new_gasoline,cellcard,cellcard_wifi,smart,smart_wifi,arystore,samnangshop",,200,misc personal care cosmetics beauty
02,canonical_name,(beer|wine|vodka|whiskey|whisky|\mrum\M|\mgin\M|\msake\M|cider|liquor|tobacco|cigarette|spirit|shiraz|soju|champagne|brandy|tequila|mezcal|absinthe|bitters|port wine|tawny port|ruby port|vintage port|sherry|merlot|cabernet|chardonnay|pinot|riesling|lager|stout|pilsner|pale ale|craft ale|ipa ale|\male beer\M|brown ale|amber ale|\mlao\M|angkor beer|cambodia beer|king dommer|gabriel|tribeca|coors|heineken|budweiser|corona|carlsberg|san miguel|\mleo\M|\mchang beer\M|\mchang\M|singha|saigon|me Kong|phnom penh beer|cigar|nicotine|vape|e-cigarette|hookah|shisha|rolling paper|blunt wrap|snus|\mbong\M|martell|ballantine|chivas|johnnie walker|hoegaarden|sapporo|shochu|somersby|remy martin|hennessy|glenfiddich|macallan|jack daniel|jim beam|smirnoff|absolut|bacardi|captain morgan|tanqueray|bombay sapphire|jagermeister|baileys|kahlua|aperol|campari|bottega|limoncino|mouton cadet|anchor ultra|kirishima),,(changvar|chroy changvar|chroy changva|chang va|usb|charger|charging|cable|adapter|hub|socket|hdmi|type-c|lightning|power strip|power bank|audio|amplifier|headphone|earphone|connector|female to male|male to female|ginger ale|bourguignon|sausage),,,210,alcohol tobacco
01,canonical_name,\mcup\M,(noodle|noodles|soup|yogurt|yoghurt|fruit|pudding|jelly|dessert|salad|coffee|tea|drink|shake),,,,215,cup noodles/soups/yogurts are food not crockery
05,canonical_name,(detergent|bleach|dish soap|dishwashing|cleaning|cleaner|cleaning spray|surface cleaner|broom|mop|bucket|towel|towels|linen|pillow|pillows|blanket|blankets|curtain|curtains|cookware|kettle|blender|toaster|vacuum|vacuum cleaner|\miron\M|ironing|sofa|couch|chair|chairs|\mtables?\M|bed|bedframe|headboard|lamp|lamps|utensil|utensils|cutlery|glassware|plate|plates|bowl|bowls|\mcups?\M|mug|mugs|sponge|sponges|trash|garbage|furniture|\mpan\M|pans|\mpots?\M|wok|frying pan|saucepan|stockpot|pressure cooker|rice cooker|air fryer|\moven\M|microwave|electric fan|ceiling fan|standing fan|air conditioner|refrigerator|fridge|freezer|washing machine|dryer|dishwasher|water heater|gas stove|induction cooker|coffee maker|coffee machine|espresso|grill|barbecue|bbq|patio furniture|garden hose|lawn mower|tool kit|drill|screwdriver|hammer|wrench|pliers|\msaw(s)?\M|paint|glue|tape measure|toilet paper|paper towel|tissue|trash bag|laundry basket|clothes hanger|shelf|shelves|wardrobe|dresser|\mdesks?\M|office chair|gas mask|dust mask|ambient spray|air freshener),,(teriyaki|hot pot|hotpot|tokpokki|tteokbokki|sweet potato|biscuit|\mchips?\M),"khmer24,realestate,bookmebus,redbus,sokhahotel,hyyathotel,hyatt,bayonbkk,communitypharma,new_gasoline,cellcard,cellcard_wifi,smart,smart_wifi",,230,furnishings household maintenance
03,canonical_name,(t-shirt|tshirt|\mshirt(s)?\M|\mdress(es)?\M|jeans|\mtrousers?\M|\msocks?\M|shoes|sneakers?|boots?|sandals?|\mslippers?\M|jacket|\mcoats?\M|underwear|\mbras?\M|panties|boxer|hoodie|sweater|blouse|skirt|scarf|\mgloves?\M|\mcaps?\M|\mhats?\M|\mties?\M|\mshorts?\M|\mpants?\M|leggings|cardigan|\mvests?\M|uniform|polo shirt|romper|jumpsuit|kimono|sarong|denim pants|flip flop|crocs|\m(high )?heels\M|loafers?|dry cleaning|tailor alteration),,(salad dressing|wound dressing|dressing|dressings|coated|coating|base coat|top coat|hot wheels|braided|bravia|brand|bracelet|baby pants|pull up pants|training pants|diaper|nappy|surgical gloves|latex gloves|medical gloves|rubber gloves|cleaning gloves|dishwashing gloves|wool detergent|woolite|laundry detergent|laundry liquid|laundry powder|cotton bud|cotton pad|cotton disk|cotton ball|cotton wool|cottonseed|oil|shower gel|case|cover|holder|strap|power strip|socket|spark|cable|speaker|soundbar|airtag|luggage|doll|barbie|hot pot|chocolate|nuggets|salt|sugar|syrup|flakes|chips|snack),"khmer24,realestate,bookmebus,redbus,communitypharma,arystore,samnangshop",,240,clothing footwear
06,canonical_name,(medicine|medication|paracetamol|ibuprofen|panadol|bandage|bandages|first aid|thermometer|antibiotic|aspirin|cough syrup|cough medicine|inhaler|pharmacy|pharmaceutical|prescription|ointment|eyedrops|eye drop|rohto|tiger balm|kwan loong|naga balm|lozenge|throat spray|nasal spray|antihistamine|pain reliever|pain relief|muscle rub|liniment|antiseptic|disinfectant|alcohol swab|gauze|medical tape|glucometer|blood pressure|insulin|hospital|clinic|doctor|medical|dental|eye test|eye exam|contact lens|lens solution|surgical mask|medical mask|kn95|n95|ffp2|ffp3|melt-blown|whey protein|protein powder|fish oil|omega 3|probiotic|melatonin|glucosamine),,(ice cream|sour cream|cream puff|creamy|cream stew|fruit drops|jelly|gel blaster|shampoo|shower gel|soothing gel|peeling gel|face cream|eye cream|night cream|day cream|moisturizing cream|tone up cream|foot cream|hair clinic|collagen dream|shiseido|cica|yadah|eunyul|moringa|biolane|sanosan|nature republic|paxmoly|stella gel|ambi pur|air freshener|tank top|tubetop|camisole|withcup),"aeon,aeon3,khmer24,realestate,bookmebus,redbus,sokhahotel,hyyathotel,hyatt,bayonbkk",,250,health pharmaceuticals
09,category_native,^(Pets|Pet\s*Care|Pet\s*Food),,,"khmer24,realestate,l192,bookmebus,redbus,redmebus,samnangshop,arystore,sokhahotel,hyyathotel,hyatt,bayonbkk",,255,pets via native store taxonomy
09,canonical_name,(dog food|cat food|pet food|dog treat|cat treat|dog snack|cat snack|puppy food|kitten food|puppy|kitten|cat litter|pet toy|dog toy|cat toy|pet accessory|pet accessories|pet toileteries|pet shampoo|dog shampoo|cat shampoo|pet crate|dog paté|cat paté|dog pate|cat pate|pedigree|whiskas|royal canin|purina|friskies|me-o|smartheart|sheba|felix|cesar|drools|pro plan|hills science|jerhigh|cattitude|ganador|maxime|bird seed|fish food|aquarium|\mtoy(s)?\M|doll|dolls|puzzle|puzzles|game|games|chess|badminton|football|soccer|basketball|tennis|stationery|camera|cameras|headphone|headphones|earphone|earphones|earbuds|speaker|speakers|console|playstation|xbox|nintendo|switch|bicycle|bicycles|guitar|guitars|piano|keyboards|keyboard|bookshelf speaker|soundbar|projector|tripod|selfie stick|drone|gopro|memory card|sd card|hard drive|ssd|usb drive|flash drive|power bank|smart home|lego|board game|gym|fitness|yoga class|swimming pool|karaoke|bowling|cinema|movie theater|theatre|concert|theme park|water park|amusement park|zoo|museum|gallery|exhibition|tour|travel agent),,,"khmer24,realestate,l192,bookmebus,redbus,redmebus,samnangshop,arystore,sokhahotel,hyyathotel,hyatt,bayonbkk,communitypharma,new_gasoline,cellcard,cellcard_wifi,smart,smart_wifi",,260,recreation culture electronics leisure
07,canonical_name,(gasoline|petrol|diesel|fuel|engine oil|motor oil|lubricant|oil filter|air filter|tire|tyre|tires|tyres|motorbike|motorcycle|helmet|helmets|vehicle|airline|air ticket|bus ticket|bus fare|taxi|grab|passenger|scooter|car wash|car care|car accessory|parking|toll|ferry|auto parts|brake|brakes|clutch|spark plug|car battery|windshield|wiper|headlight|seat cover|steering wheel|shock absorber|wheel|wheels|rim|rims),,(car charger|car phone holder|car mount|car adapter|hot wheels|track set),"khmer24,realestate,communitypharma,sokhahotel,hyyathotel,hyatt,bayonbkk,cellcard,cellcard_wifi,smart,smart_wifi,delishop,aeon,aeon3,samnangshop,arystore",,270,transport fuel vehicles
08,canonical_name,.*,,,,"arystore,samnangshop,cellcard,cellcard_wifi,smart,smart_wifi",280,telecom stores single-division keyword fallback
11,canonical_name,.*,,,,"sokhahotel,hyyathotel,hyatt,bayonbkk",285,hotel restaurants single-division keyword fallback
10,canonical_name,(exercise book|copy book|textbook|school book|school bag|notebook|notebooks|crayon|crayons|eraser|erasers|sharpener|pencil sharpener|pencil case|pencilcase|ball pen|ballpoint pen|gel pen|hb pencil|pencils|colour pencil|color pencil|ruler|rulers|protractor|geometry set|colouring book|drawing book|sketchbook|watercolour|paint set|scissors|glue stick|correction tape|highlighter|highlighters|marker|markers|whiteboard|chalk|calculator|graph paper|loose leaf|flashcards|binder|masking tape),,,,,290,education school supplies
04,canonical_name,(\melectricity\M|\melectric bill\M|\mpower bill\M|\mwater bill\M|\mwater rate\M|\mwater tariff\M|\mlpg cylinder\M|\mgas cylinder\M|\mgas tank\M|\mresidential rental\M),,,,"utility_tariffs,l192",310,utility tariffs
01,canonical_name,rice|noodles?|pasta|spaghetti|bread|loaf|croissant|baguette|cereal|oats|oatmeal|flour|tortilla,,(iphone|ipad|macbook|apple watch|apple pencil|airpods|homepod|usb-c|lightning|charger|adapter|cable|case|silicone|leather case|pro max|ultra|\d+gb),,,320,food staples - bare bun/roll tokens removed
01,canonical_name,ketchup|mayonnaise|mustard|vinegar|soy sauce|fish sauce|oyster sauce|sriracha|curry paste|tomato paste|honey|maple syrup|\msyrup\M|pickled|kimchi|wasabi,,(iphone|ipad|macbook|apple watch|apple pencil|airpods|homepod|usb-c|lightning|charger|adapter|cable|case|silicone|leather case|pro max|ultra|\d+gb),,,321,food condiments sauces - bare sauce token removed
01,canonical_name,chili|cumin|turmeric|ginger|garlic|onion|shallot|lemongrass|galangal|kaffir lime|cinnamon|vanilla|cocoa|coconut milk|coconut cream|coconut water,,(iphone|ipad|macbook|apple watch|apple pencil|airpods|homepod|usb-c|lightning|charger|adapter|cable|case|silicone|leather case|pro max|ultra|\d+gb),,,322,food spices herbs coconut
01,canonical_name,chocolate|\mcandy\M|\mjelly\M|\mjam\M|dried fruit|raisin|\mnuts?\M|peanut|cashew|almond|walnut|pistachio|hazelnut|crackers?|biscuits?|cookies?|wafers?|popcorn|potato chips|corn chips|tortilla chips|crisps,,(iphone|ipad|macbook|apple watch|apple pencil|airpods|homepod|usb-c|lightning|charger|adapter|cable|case|silicone|leather case|pro max|ultra|\d+gb),,,323,food sweets snacks - bare snack/chips tokens removed
01,canonical_name,\mchicken\M|\mpork\M|\mbeef\M|\mmeat\M|\msausage\M|\mbacon\M|\mham\M|salami|\mpepperoni\M|jerky|canned tuna|canned sardine|canned bean|canned soup|tofu|tempeh|soy milk|condensed milk|evaporated milk|powdered milk|cheese|butter|yogurt|yoghurt|\meggs?\M,,(iphone|ipad|macbook|apple watch|apple pencil|airpods|homepod|usb-c|lightning|charger|adapter|cable|case|silicone|leather case|pro max|ultra|\d+gb),,,324,food protein dairy - bare milk/egg tokens removed
01,canonical_name,beans|lentils|peas|morning glory|water spinach|cabbage|carrot|cucumber|tomato|eggplant|potato|sweet potato|lettuce|spinach|broccoli|cauliflower|\mcorn\M|mushroom|\mapples?\M|banana|mango|\morange\M|grape|watermelon|papaya|pineapple|avocado|cooking oil|vegetable oil|olive oil|sesame oil|sunflower oil|canola oil|peanut oil|soybean oil,,(iphone|ipad|macbook|apple watch|apple pencil|airpods|homepod|usb-c|lightning|charger|adapter|cable|case|silicone|leather case|pro max|ultra|\d+gb),,,325,food produce oils - bare sugar/salt/pepper tokens removed
05,canonical_name,fabric softener|laundry (detergent|liquid|powder)|dishwashing liquid|dish soap,,,,,60,audit fix: laundry/dish cleaning products are household maintenance not food
05,canonical_name,\mbatter(y|ies)\M,,(car|auto|vehicle|phone|solar),,,61,audit fix: household batteries are non-durable household goods not food (car/phone batteries excluded)
05,canonical_name,mini fan|desk fan|\melectric fan\M,,,,,62,audit fix: small electric appliances not food
12,canonical_name,\mbackpack\M|school bag|waist pack|crossbody bag|shoulder bag|clutch bag,,\mtea\M|teabag,,,63,audit fix: bags are personal effects not food (tea bags excluded)
