rule_id,coicop_division,pattern,negative_pattern,requires_context_pattern,priority,confidence,is_active,notes
R12_01,12,(cosmetic|lipstick|mascara|perfume|cologne|shampoo|conditioner|body wash|body lotion|deodorant|sunblock|sunscreen|spf|toothpaste|toothbrush|razor|shaving|shaver|jewelry|necklace|earring|earrings|ring|watch|sunglass|sunglasses|purse|wallet|umbrella|lighter|battery|soap|handsoap|hand soap|facial|moisturizer|moisturiser|lip balm|lip gloss|foundation|concealer|blush|eyeshadow|nail polish|nail polish remover|cotton bud|cotton pad|cotton wool|floss|mouthwash|dental|hair oil|hair cream|hair gel|hair spray|beard oil|aftershave|nail clipper|tweezers|comb|brush|hairbrush|hair comb|face mask|sheet mask|eye cream|hand cream|body cream|hand lotion|serum|toner|cleanser|face wash|exfoliat|\mmask\M|mask sheet|mask pack|mask box|facial mask|facemask|eye mask|hair mask|foot mask|body mask|body scrub|face scrub|foot scrub|shower foam|bath foam|shower cream|bath cream|bubble bath|shower oil|bath oil|haircut|hair salon|beauty salon|nail salon|spa|massage|visa fee|passport|insurance),(gas mask|dust mask|masking tape|respirator|filter mask),,1,0.950,true,Personal care and miscellaneous
R02_01,02,(beer|wine|vodka|whiskey|whisky|\mrum\M|\mgin\M|\msake\M|cider|liquor|tobacco|cigarette|spirit|shiraz|soju|champagne|brandy|tequila|mezcal|absinthe|bitters|\mport\M|sherry|merlot|cabernet|chardonnay|pinot|riesling|lager|stout|pilsner|\male\M|\mlao\M|angkor beer|cambodia beer|king dommer|gabriel|tribeca|coors|heineken|budweiser|corona|carlsberg|san miguel|\mleo\M|chang|singha|saigon|me Kong|phnom penh beer|cigar|nicotine|vape|e-cigarette|hookah|shisha|rolling paper|blunt wrap|snus),,,2,0.950,true,Alcoholic beverages and tobacco
R05_01,05,(detergent|bleach|dish soap|dishwashing|cleaning|cleaner|surface cleaner|broom|mop|bucket|towel|towels|linen|pillow|blanket|curtain|cookware|kettle|blender|toaster|vacuum|iron|sofa|couch|chair|\mtables?\M|bed|lamp|utensil|cutlery|glassware|plate|bowl|cup|mug|sponge|furniture|wok|frying pan|saucepan|pressure cooker|rice cooker|air fryer|oven|microwave|electric fan|ceiling fan|air conditioner|refrigerator|fridge|freezer|washing machine|dryer|dishwasher|water heater|gas stove|induction cooker|coffee maker|espresso|grill|barbecue|garden hose|lawn mower|tool kit|drill|screwdriver|hammer|wrench|pliers|paint|glue|tape measure|toilet paper|paper towel|tissue|trash bag|laundry basket|shelf|wardrobe|desk),(cup noodle|cup soup|noodle cup),,3,0.950,true,Furnishings household equipment and routine maintenance
R03_01,03,(t-shirt|tshirt|shirt|dress|jeans|trouser|sock|socks|shoes|sneaker|sneakers|boots|sandal|sandals|slipper|slippers|jacket|coat|underwear|bra|panties|boxer|hoodie|sweater|blouse|skirt|scarf|glove|gloves|cap|hat|tie|shorts|pants|leggings|cardigan|vest|polo|romper|jumpsuit|kimono|sarong|cotton|polyester|nylon|denim|silk|linen|wool|leather|suede|canvas|flip flop|crocs|heels|loafer|laundry|dry cleaning|tailor),,,4,0.950,true,Clothing and footwear
R06_01,06,(medicine|medication|paracetamol|ibuprofen|panadol|vitamin|vitamins|supplement|bandage|first aid|thermometer|antibiotic|aspirin|cough syrup|inhaler|pharmacy|pharmaceutical|prescription|ointment|drops|eyedrops|ear drops|lozenge|throat spray|nasal spray|antihistamine|pain reliever|pain relief|muscle rub|liniment|antiseptic|disinfectant|alcohol swab|gauze|medical tape|glucometer|blood pressure|insulin|diaper|nappies|baby powder|hospital|clinic|doctor|medical|dental|eye test|eye exam|contact lens|lens solution|protecting mask|protective mask|surgical mask|medical mask|earloop|kn95|n95|ffp2|ffp3|melt-blown),,,5,0.950,true,Health products and services
R09_01,09,(dog food|cat food|pet food|dog treat|cat treat|puppy food|kitten food|cat litter|pet toy|pet accessory|pet accessories|pet shampoo|royal canin|pedigree|whiskas|friskies|purina|me-o|smartheart|sheba|felix|cesar|drools|pro plan|toy|doll|puzzle|game|chess|badminton|football|soccer|basketball|tennis|stationery|camera|headphone|headphones|earbuds|speaker|console|playstation|xbox|nintendo|switch|bicycle|guitar|piano|keyboard|bookshelf speaker|soundbar|tripod|selfie stick|drone|gopro|memory card|sd card|power bank|smart home|lego|board game|gym|fitness|yoga class|swimming pool|karaoke|bowling|cinema|movie theater|theatre|concert|theme park|water park|zoo|museum|gallery|exhibition|tour|travel agent),,,6,0.950,true,Recreation culture and pets
R07_01,07,(gasoline|petrol|diesel|fuel|engine oil|motor oil|lubricant|oil filter|air filter|tire|tyre|motorbike|motorcycle|helmet|vehicle|airline|air ticket|bus ticket|bus fare|taxi|grab|passenger|scooter|car|car wash|car care|car accessory|parking|toll|ferry|auto parts|brake|spark plug|car battery|windshield|wiper|headlight|steering wheel|shock absorber|wheel|rim),,,7,0.950,true,Transport
R08_01,08,(smartphone|mobile|iphone|phone|sim card|sim|airtime|data plan|data bundle|internet plan|wifi|wi-fi|router|modem|tablet|ipad|smartwatch|telephone|landline|broadband|fiber|4g|5g|lte|telecom|streaming service|usb cable|charging cable|charger|adapter|dongle|hub|ethernet|hdmi|power bank),,,8,0.950,true,Communication
R11_01,11,(restaurant|cafe|cafeteria|diner|eatery|bistro|tavern|pub|hotel|motel|hostel|inn|resort|lodge|guesthouse|homestay|airbnb|meal|lunch|dinner|breakfast|brunch|buffet|prepared food|takeaway|takeout|delivery|catering|accommodation|room|suite|deluxe room|standard room),,,9,0.950,true,Restaurants and hotels
R10_01,10,(exercise book|copy book|textbook|school book|school bag|notebook|crayon|eraser|pencil sharpener|pencil case|ball pen|ballpoint pen|gel pen|hb pencil|colour pencil|color pencil|ruler|protractor|geometry set|colouring book|drawing book|sketchbook|watercolour|paint set|scissors|glue stick|correction tape|highlighter|marker|whiteboard|chalk|calculator|graph paper|loose leaf|flashcards|binder|masking tape),,,10,0.950,true,Education and school supplies
R04_01,04,(electricity|electric bill|water bill|water rate|rent|rental|apartment|condo|condominium|utility|utilities|gas bill|gas cylinder|gas tank|lpg|kwh|housing|mortgage|property|real estate|plumbing|electrician|wiring|power strip|generator|solar panel|meter),,,11,0.950,true,Housing and utilities
R01_01,01,(rice|noodle|noodles|pasta|spaghetti|bread|loaf|bun|croissant|baguette|cereal|oats|oatmeal|flour|sugar|palm sugar|salt|pepper|chili|cumin|turmeric|ginger|garlic|onion|shallot|lemongrass|galangal|kaffir lime|cinnamon|vanilla|cocoa|chocolate|candy|jelly|jam|honey|maple syrup|syrup|sauce|ketchup|mayonnaise|mustard|vinegar|soy sauce|fish sauce|oyster sauce|sriracha|curry paste|tomato paste|meat|chicken|pork|beef|sausage|bacon|\mham\M|salami|pepperoni|jerky|canned tuna|canned sardine|canned bean|canned soup|pickled|kimchi|dried fruit|raisin|coconut milk|coconut cream|coconut water|tofu|tempeh|soy milk|beans|lentils|peas|morning glory|water spinach|cabbage|carrot|cucumber|tomato|eggplant|potato|sweet potato|lettuce|spinach|broccoli|cauliflower|corn|mushroom|apple|banana|mango|orange|grape|watermelon|papaya|pineapple|avocado|milk|cheese|butter|yogurt|egg|eggs|cooking oil|olive oil|vegetable oil|coconut oil|sesame oil|sunflower oil|canola oil|peanut oil|soybean oil),,(cook|fry|salad|vegetable|coconut|olive|sesame|sunflower|canola|peanut|soybean|food|kitchen|oil|sauce|paste|raw|fresh),12,0.950,true,Food and non-alcoholic beverages
