coicop_class,coicop_division,class_name,sample_items,expected_source,weight_within_division_pct
"01.1.1","01","Rice & cereals","Packaged rice 5kg / Jasmine Rice / noodles","aeon;delishop;l192",41.295
"01.1.2","01","Meat","Pork / chicken / beef","delishop;aeon",22.768
"01.1.3","01","Fish & seafood","Fresh fish / prawns / fish sauce","delishop;aeon",12.946
"01.1.4","01","Milk cheese & eggs","UHT milk 1L / fresh eggs 10pk / cheese / butter","delishop;aeon",5.134
"01.1.5","01","Oils & fats","Cooking oil 1L / olive oil / coconut oil","delishop;aeon",3.125
"01.1.6","01","Fruit","Bananas / mangoes / apples / avocados","delishop;aeon",4.688
"01.1.7","01","Vegetables","Tomatoes / cucumbers / cabbages / eggplants","delishop;aeon",6.250
"01.1.8","01","Sugar & confectionery","White sugar 1kg / palm sugar / chocolate","delishop;aeon",2.009
"01.1.9","01","Food products n.e.c.","Condiments / salt / curry paste","delishop;l192;aeon",0.893
"01.2.1","01","Coffee & tea","Ground coffee / tea bags / instant coffee","delishop;aeon",0.446
"01.2.2","01","Soft drinks & water","Bottled water 1.5L / soda cans / energy drinks","delishop;aeon",0.446
"02.1.1","02","Spirits & beer","Angkor Beer / Cambodia Beer / Heineken / wine","delishop;aeon",66.667
"02.2.0","02","Tobacco","Cigarettes / tobacco products","delishop;aeon",33.333
"03.1.2","03","Garments","T-shirts / polo shirts / jeans / dresses","aeon3;l192",68.966
"03.1.3","03","Other clothing","Underwear / socks / kidswear","aeon3",10.345
"03.2.1","03","Footwear","Running shoes / sneakers / sandals / slippers","aeon3",20.690
"04.1.1","04","Actual rentals for housing","Phnom Penh residential rentals condo/apartment","khmer24;realestate",70.175
"04.4.1","04","Water supply","PPWSA regulated water tariff","utility_tariffs",10.526
"04.5.1","04","Electricity","EDC regulated electricity tariff","utility_tariffs",14.620
"04.5.3","04","LPG & gas","LPG cylinder / cooking gas","aeon;l192",4.678
"05.4.0","05","Cleaning products","Detergent / dishwashing liquid / floor cleaner","delishop;aeon",45.455
"05.6.1","05","Major appliances","Washing machines / refrigerators / ovens","l192",30.303
"05.6.2","05","Small appliances","Electric kettles / rice cookers / fans / blenders","l192",24.242
"06.1.1","06","Medical products","Paracetamol / Panadol / Redoxon Vitamin C","communitypharma",75.000
"06.1.2","06","Medical devices","Thermometers / bandages / antiseptic liniment","communitypharma",25.000
"07.2.2","07","Fuels & lubricants","Regular Gasoline / Diesel / Petroleum","new_gasoline",73.770
"07.3.1","07","Passenger transport","Intercity express bus / VIP vans","redbus;bookmebus",26.230
"08.2.0","08","Telephone equipment","Smartphones / Apple iPhone / Samsung / chargers","samnangshop;arystore",38.462
"08.3.0","08","Telephone & internet services","Mobile prepaid bundles / Home Wi-Fi fiber","cellcard;smart;cellcard_wifi;smart_wifi",61.538
"09.1.1","09","Audio visual tech","Bluetooth speakers / wireless earbuds / tech gear","arystore;samnangshop",42.105
"09.3.4","09","Pets & related products","Dog food / cat food / pet care / pet litter","delishop;aeon",31.579
"09.5.4","09","Stationery","Notebooks / pens / art supplies","aeon;l192",26.316
"10.4.1","10","School supplies","Exercise books / pencils / crayons / rulers / sharpeners","aeon;l192",100.000
"11.1.1","11","Restaurants","Bai Cha / Beef Lok Lak / Noodle Soup / Iced Coffee","bayonbkk",70.968
"11.2.0","11","Hotels","Deluxe King Room / Executive Suite / Standard Room","sokhahotel;hyyathotel",29.032
"12.1.1","12","Personal care","Shampoo / soap / sunscreen / skincare / cosmetics","communitypharma;aeon3;delishop",68.182
"12.1.4","12","Personal effects","Jewelry / watches / bags / sunglasses","aeon3;arystore",31.818
