indicator_month,indicator_name,indicator_value,source
2026-01-01,"imports_usd_million",2150.40,"GDCE Customs"
2026-01-01,"m2_money_supply_khr_trillion",192.50,"National Bank of Cambodia (NBC)"
2026-01-01,"private_credit_growth_pct",11.20,"National Bank of Cambodia (NBC)"
2026-02-01,"imports_usd_million",2080.10,"GDCE Customs"
2026-02-01,"m2_money_supply_khr_trillion",193.10,"National Bank of Cambodia (NBC)"
2026-02-01,"private_credit_growth_pct",11.00,"National Bank of Cambodia (NBC)"
2026-03-01,"imports_usd_million",2240.80,"GDCE Customs"
2026-03-01,"m2_money_supply_khr_trillion",194.20,"National Bank of Cambodia (NBC)"
2026-03-01,"private_credit_growth_pct",10.80,"National Bank of Cambodia (NBC)"
2026-04-01,"imports_usd_million",2310.50,"GDCE Customs"
2026-04-01,"m2_money_supply_khr_trillion",195.80,"National Bank of Cambodia (NBC)"
2026-04-01,"private_credit_growth_pct",11.40,"National Bank of Cambodia (NBC)"
2026-05-01,"imports_usd_million",2190.30,"GDCE Customs"
2026-05-01,"m2_money_supply_khr_trillion",196.20,"National Bank of Cambodia (NBC)"
2026-05-01,"private_credit_growth_pct",10.90,"National Bank of Cambodia (NBC)"
2026-06-01,"imports_usd_million",2280.90,"GDCE Customs"
2026-06-01,"m2_money_supply_khr_trillion",197.50,"National Bank of Cambodia (NBC)"
2026-06-01,"private_credit_growth_pct",11.10,"National Bank of Cambodia (NBC)"
2026-07-01,"imports_usd_million",2320.00,"GDCE Customs"
2026-07-01,"m2_money_supply_khr_trillion",198.80,"National Bank of Cambodia (NBC)"
2026-07-01,"private_credit_growth_pct",11.30,"National Bank of Cambodia (NBC)"
2026-08-01,"imports_usd_million",2350.00,"GDCE Customs"
2026-08-01,"m2_money_supply_khr_trillion",200.10,"National Bank of Cambodia (NBC)"
2026-08-01,"private_credit_growth_pct",11.50,"National Bank of Cambodia (NBC)"
