cpi_month,headline_cpi,core_cpi,mom_inflation_pct,yoy_inflation_pct,cpi_division_01,cpi_division_02,cpi_division_03,cpi_division_04,cpi_division_05,cpi_division_06,cpi_division_07,cpi_division_08,cpi_division_09,cpi_division_10,cpi_division_11,cpi_division_12,release_date,source_notes
2023-09-01,201.2500,199.8000,0.3500,2.8500,253.2000,181.5000,189.4000,139.6000,161.2000,138.5000,119.8000,66.4000,131.2000,175.4000,320.5000,170.2000,2023-10-20,NIS Cambodia Official CPI Historical Series
2023-10-01,201.8500,200.3000,0.3000,2.7500,254.1000,181.8000,190.1000,140.0000,161.8000,138.8000,120.1000,66.4200,131.5000,175.8000,321.4000,170.6000,2023-11-20,NIS Cambodia Official CPI Historical Series
2023-11-01,202.4600,200.8500,0.3000,2.6500,254.9000,182.1000,190.8000,140.4000,162.3000,139.1000,120.4000,66.4500,131.9000,176.2000,322.3000,171.0000,2023-12-20,NIS Cambodia Official CPI Historical Series
2023-12-01,202.8200,201.2000,0.1800,2.5000,255.4000,182.4000,191.2000,140.7000,162.7000,139.4000,120.6000,66.4800,132.2000,176.5000,322.9000,171.3000,2024-01-20,NIS Cambodia Official CPI Historical Series
2024-01-01,203.2300,201.6000,0.2000,2.4000,256.0000,182.7000,191.6000,141.0000,163.1000,139.7000,120.8000,66.5000,132.5000,176.8000,323.6000,171.6000,2024-02-20,NIS Cambodia Official CPI Historical Series
2024-02-01,203.8400,202.1500,0.3000,2.3500,256.9000,183.0000,192.1000,141.3000,163.5000,140.0000,121.1000,66.5200,132.8000,177.1000,324.5000,172.0000,2024-03-20,NIS Cambodia Official CPI Historical Series
2024-03-01,204.4500,202.7000,0.3000,2.3000,257.8000,183.4000,192.7000,141.7000,164.0000,140.3000,121.3000,66.5400,133.2000,177.5000,325.4000,172.4000,2024-04-20,NIS Cambodia Official CPI Historical Series
2024-04-01,205.0700,203.2500,0.3000,2.2500,258.7000,183.8000,193.3000,142.1000,164.4000,140.6000,121.5000,66.5500,133.5000,177.9000,326.3000,172.8000,2024-05-20,NIS Cambodia Official CPI Historical Series
2024-05-01,205.4800,203.6500,0.2000,2.2000,259.3000,184.1000,193.7000,142.3000,164.8000,140.9000,121.7000,66.5700,133.8000,178.2000,327.0000,173.1000,2024-06-20,NIS Cambodia Official CPI Historical Series
2024-06-01,205.9000,204.0500,0.2000,2.1500,259.9000,184.4000,194.2000,142.6000,165.1000,141.2000,121.8000,66.5800,134.1000,178.5000,327.7000,173.4000,2024-07-20,NIS Cambodia Official CPI Historical Series
2024-07-01,206.3100,204.4500,0.2000,2.1000,260.5000,184.7000,194.6000,142.8000,165.5000,141.5000,122.0000,66.6000,134.4000,178.8000,328.3000,173.7000,2024-08-20,NIS Cambodia Official CPI Historical Series
2024-08-01,206.7200,204.8500,0.2000,2.0500,261.1000,185.0000,195.0000,143.1000,165.8000,141.8000,122.1000,66.6100,134.7000,179.1000,329.0000,174.0000,2024-09-20,NIS Cambodia Official CPI Historical Series
2024-09-01,207.1400,205.2500,0.2000,2.9300,261.7000,185.3000,195.4000,143.3000,166.2000,142.1000,122.3000,66.6200,135.0000,179.4000,329.6000,174.3000,2024-10-20,NIS Cambodia Official CPI Historical Series
2024-10-01,207.5500,205.6500,0.2000,2.8200,262.3000,185.6000,195.8000,143.5000,166.5000,142.4000,122.4000,66.6300,135.3000,179.7000,330.2000,174.6000,2024-11-20,NIS Cambodia Official CPI Historical Series
2024-11-01,207.7600,205.8500,0.1000,2.6200,262.6000,185.8000,196.0000,143.6000,166.7000,142.6000,122.4500,66.6400,135.5000,179.9000,330.6000,174.8000,2024-12-20,NIS Cambodia Official CPI Historical Series
2024-12-01,207.9700,206.0500,0.1000,2.5400,262.9000,186.0000,196.2000,143.8000,166.9000,142.8000,122.5000,66.6500,135.7000,180.1000,331.0000,175.0000,2025-01-20,NIS Cambodia Official CPI Historical Series
2025-01-01,208.1800,206.2500,0.1000,2.4400,263.2000,186.2000,196.4000,143.9000,167.1000,143.0000,122.4000,66.6500,135.9000,180.3000,331.4000,175.2000,2025-02-20,NIS Cambodia Official CPI Historical Series
2025-02-01,208.3900,206.4500,0.1000,2.2300,263.5000,186.4000,196.6000,144.0000,167.3000,143.2000,122.3000,66.6550,136.1000,180.5000,331.8000,175.4000,2025-03-20,NIS Cambodia Official CPI Historical Series
2025-03-01,208.6000,206.6500,0.1000,2.0300,263.8000,186.6000,196.8000,144.1000,167.5000,143.4000,122.2000,66.6550,136.2000,180.7000,332.2000,175.6000,2025-04-20,NIS Cambodia Official CPI Historical Series
2025-04-01,208.8100,206.8500,0.1000,1.8200,264.2000,186.8000,197.0000,144.2000,167.7000,143.5000,122.1000,66.6550,136.3000,180.9000,332.6000,175.8000,2025-05-20,NIS Cambodia Official CPI Historical Series
2025-05-01,208.7500,206.8000,-0.0300,1.5900,264.0000,186.9000,197.1000,144.2000,167.7500,143.5500,121.9000,66.6550,136.3000,181.0000,332.7000,175.9000,2025-06-20,NIS Cambodia Official CPI Historical Series
2025-06-01,208.9200,206.9500,0.0800,1.4700,264.3000,187.1000,197.2000,144.3000,167.8000,143.6000,121.8000,66.6550,136.4000,181.2000,333.1000,176.1000,2025-07-20,NIS Cambodia Official CPI Historical Series
2025-07-01,209.1100,207.1000,0.0900,1.3600,264.6000,187.3000,197.3000,144.4000,167.9000,143.6500,121.7000,66.6550,136.5000,181.4000,333.6000,176.3000,2025-08-20,NIS Cambodia Official CPI Historical Series
2025-08-01,209.0030,207.0000,-0.0500,1.1000,264.4000,187.4000,197.3500,144.3500,167.8500,143.6000,121.5000,66.6550,136.4000,181.4000,333.5000,176.2000,2025-09-20,"NIS Official CPI Release (Aug 2025, Base Oct-Dec 2006=100)"
2025-09-01,209.6300,207.5000,0.3000,1.2000,265.2000,187.6000,197.4500,144.4500,167.9500,143.6200,121.5500,66.6550,136.3000,181.5000,334.5000,176.6000,2025-10-20,NIS Cambodia Official CPI Report
2025-10-01,211.3700,208.8000,0.8300,1.8400,267.4400,187.7000,197.5000,144.5000,167.9800,143.6500,121.5000,66.6550,136.2000,181.6000,335.5000,176.8000,2025-11-20,NIS Cambodia Official CPI Report
2025-11-01,210.3130,208.1000,-0.5000,1.3000,266.1050,187.7410,197.5570,144.5580,167.9990,143.6610,121.4510,66.6550,136.2380,181.7070,335.6810,176.9430,2025-12-20,Scraped from NIS Official Excel (CPI-12-group-Nov-2025.xlsx)
2025-12-01,211.5270,209.2000,0.6000,1.2000,268.4370,188.2340,198.7920,145.2290,168.4740,143.8410,121.4000,66.7140,136.8660,182.7140,334.7120,177.7690,2026-01-20,Scraped from NIS Official Excel (CPI-12-group-Dec-2025.xlsx)
2026-01-01,212.3300,209.9000,0.4000,1.3000,270.0690,188.2710,200.1210,146.2750,168.8210,144.4190,117.9850,66.7280,137.6950,182.5530,338.2740,177.7970,2026-02-20,Scraped from NIS Official Excel (CPI-12-group-Jan-2026.xlsx)
2026-02-01,213.9370,211.1000,0.8000,2.6000,272.3830,188.4750,201.7090,147.2200,169.3110,144.7260,119.1370,66.7680,139.5240,182.7110,340.2230,178.5730,2026-03-20,Scraped from NIS Official Excel (CPI-12-group-Feb-2026.xlsx)
2026-03-01,219.0070,213.5000,2.4000,5.6000,276.3240,190.2880,204.1240,149.2890,170.5590,146.0130,137.3530,66.8290,141.8440,185.3120,346.8320,180.0860,2026-04-20,Scraped from NIS Official Excel (CPI-12-group-Mar-2026.xlsx)
2026-04-01,220.3420,214.8000,0.6000,5.8000,279.2760,191.2700,205.9620,153.0610,171.7630,146.2220,132.1320,66.8360,141.5710,185.3120,344.6130,181.4280,2026-05-20,Scraped from NIS Official Excel (CPI-12-group-Apr-2026.xlsx)
2026-05-01,221.9170,216.0000,0.7000,7.2000,280.8790,192.1120,206.9120,154.1840,172.4670,146.4630,135.6640,66.8850,142.0780,185.8350,346.5840,182.3740,2026-06-20,Scraped from NIS Official Excel (CPI-12-group-May-2026.xlsx)
2026-06-01,220.7690,215.3000,-0.5000,6.8000,281.4290,192.5720,207.9110,153.9710,172.7220,146.2870,127.9280,66.8780,141.3420,185.8350,339.1150,182.9110,2026-07-20,Scraped from NIS Official Excel (CPI-12-group-Jun-2026.xlsx)
2026-07-01,219.1420,214.4000,-0.7000,5.5000,279.4600,193.1130,208.4190,153.5500,172.5870,145.5610,123.9740,66.8030,140.6450,185.1630,336.6950,182.7880,2026-08-20,Scraped from NIS Official Excel (CPI-12-group-Jul-2026.xls)
2026-08-01,219.0070,214.2000,-0.1000,4.7900,278.4440,193.2310,208.0360,153.3120,172.5270,145.2770,124.2950,66.7720,140.7430,185.7270,342.3810,183.0020,2026-09-20,Scraped from NIS Official Excel (CPI-12-group-Aug-2026-3.xls)
