store_slug,coicop_division,coicop_code
ppwsa,04,04.4.1
edc,04,04.5.1
realestate,04,04.1.1
khmer24,04,04.1.1
bookmebus,07,07.3.2
redbus,07,07.3.2
redmebus,07,07.3.2
khmermoto,07,07.1.2
new_gasoline,07,07.2.2
gasoline,07,07.2.2
cellcard,08,08.3.0
cellcard_wifi,08,08.3.0
smart,08,08.3.0
smart_wifi,08,08.3.0
metfone,08,08.3.0
arystore,08,08.2.0
samnangshop,08,08.2.0
sokhahotel,11,11.2.0
hyyathotel,11,11.2.0
hyatthotel,11,11.2.0
hyatt,11,11.2.0
bayonbkk,11,11.1.1
communitypharma,06,06.1.2
grab_ucare,06,06.1.2
