level,coicop_code,english_name,khmer_name,weight_pct,source_url,base_period
All Items,00,All Items (CPI Headline),ទំនិញទាំងអស់ (សន្ទស្សន៍ថ្លៃទំនិញប្រើប្រាស់សរុប),100.000,https://www.ceicdata.com/en/cambodia/consumer-price-index-phnom-penh-octdec-2006100-weights/consumer-price-index-weights-phnom-penh-pnp-all-items,Oct-Dec 2006=100
Division,01,Food and Non-Alcoholic Beverages,ម្ហូបអាហារ និងភេសជ្ជៈមិនមែនជាតិស្រវឹង,44.775,https://www.ceicdata.com/en/cambodia/consumer-price-index-phnom-penh-octdec-2006100-weights/consumer-price-index-weights-phnom-penh-pnp-food--nonalcoholic-beverages,Oct-Dec 2006=100
Group,01.1,Food,ម្ហូបអាហារ,41.980,https://www.ceicdata.com/en/cambodia/consumer-price-index-phnom-penh-octdec-2006100-weights,Oct-Dec 2006=100
Class,01.1.1,Bread and cereals,អង្ករ មី នំប៉័ង ម្សៅ,17.230,https://www.ceicdata.com/en/cambodia/consumer-price-index-phnom-penh-octdec-2006100-weights,Oct-Dec 2006=100
Class,01.1.2,Meat,សាច់គោ សាច់ជ្រូក សាច់មាន់ សាច់ទា,8.450,https://www.ceicdata.com/en/cambodia/consumer-price-index-phnom-penh-octdec-2006100-weights,Oct-Dec 2006=100
Class,01.1.3,Fish and seafood,ត្រី បង្គា មឹក ក្តាម ប្រហុក,7.120,https://www.ceicdata.com/en/cambodia/consumer-price-index-phnom-penh-octdec-2006100-weights,Oct-Dec 2006=100
Class,01.1.4,Milk cheese and eggs,ទឹកដោះគោ ឈីស ស៊ុត ពងមាន់,1.850,https://www.ceicdata.com/en/cambodia/consumer-price-index-phnom-penh-octdec-2006100-weights,Oct-Dec 2006=100
Class,01.1.5,Oils and fats,ប្រេងឆា ប្រេងដូង,1.140,https://www.ceicdata.com/en/cambodia/consumer-price-index-phnom-penh-octdec-2006100-weights,Oct-Dec 2006=100
Class,01.1.6,Fruit,ផ្លែឈើស្រស់ ផ្លែចេក ផ្លែក្រូច ផ្លែស្វាយ,2.460,https://www.ceicdata.com/en/cambodia/consumer-price-index-phnom-penh-octdec-2006100-weights,Oct-Dec 2006=100
Class,01.1.7,Vegetables,បន្លែស្រស់ ប៉េងប៉ោះ ដំឡូងបារាំង ខ្ទឹម ម្ទេស,2.380,https://www.ceicdata.com/en/cambodia/consumer-price-index-phnom-penh-octdec-2006100-weights,Oct-Dec 2006=100
Class,01.1.8,Sugar jam honey chocolate and confectionery,ស្ករស ទឹកឃ្មុំ សូកូឡា ស្ករគ្រាប់ នំ,0.720,https://www.ceicdata.com/en/cambodia/consumer-price-index-phnom-penh-octdec-2006100-weights,Oct-Dec 2006=100
Class,01.1.9,Food products n.e.c.,អំបិល ទឹកត្រី ទឹកស៊ីអ៊ីវ គ្រឿងទេស,0.630,https://www.ceicdata.com/en/cambodia/consumer-price-index-phnom-penh-octdec-2006100-weights,Oct-Dec 2006=100
Group,01.2,Non-alcoholic beverages,ភេសជ្ជៈមិនមែនជាតិស្រវឹង,2.795,https://www.ceicdata.com/en/cambodia/consumer-price-index-phnom-penh-octdec-2006100-weights,Oct-Dec 2006=100
Class,01.2.1,Coffee tea and cocoa,កាហ្វេ តែ កាកាវ,0.515,https://www.ceicdata.com/en/cambodia/consumer-price-index-phnom-penh-octdec-2006100-weights,Oct-Dec 2006=100
Class,01.2.2,Mineral waters soft drinks fruit and vegetable juices,ទឹកបរិសុទ្ធ ទឹកក្រូច កូកាកូឡា ទឹកផ្លែឈើ,2.280,https://www.ceicdata.com/en/cambodia/consumer-price-index-phnom-penh-octdec-2006100-weights,Oct-Dec 2006=100
Division,02,Alcoholic Beverages Tobacco and Narcotics,ភេសជ្ជៈមានជាតិស្រវឹង និងថ្នាំជក់,1.625,https://www.ceicdata.com/en/cambodia/consumer-price-index-phnom-penh-octdec-2006100-weights/consumer-price-index-weights-phnom-penh-pnp-alcoholic-beverages--tobacco,Oct-Dec 2006=100
Group,02.1,Alcoholic beverages,ភេសជ្ជៈមានជាតិស្រវឹង,1.045,https://www.ceicdata.com/en/cambodia/consumer-price-index-phnom-penh-octdec-2006100-weights,Oct-Dec 2006=100
Class,02.1.1,Spirits and liqueurs,ស្រា ស្រាវីស្គី,0.210,https://www.ceicdata.com/en/cambodia/consumer-price-index-phnom-penh-octdec-2006100-weights,Oct-Dec 2006=100
Class,02.1.2,Wine,ស្រាក្រហម ស្រាស,0.085,https://www.ceicdata.com/en/cambodia/consumer-price-index-phnom-penh-octdec-2006100-weights,Oct-Dec 2006=100
Class,02.1.3,Beer,ស្រាបៀរ ស្រាបៀរអង្គរ,0.750,https://www.ceicdata.com/en/cambodia/consumer-price-index-phnom-penh-octdec-2006100-weights,Oct-Dec 2006=100
Group,02.2,Tobacco,ថ្នាំជក់,0.580,https://www.ceicdata.com/en/cambodia/consumer-price-index-phnom-penh-octdec-2006100-weights,Oct-Dec 2006=100
Class,02.2.0,Tobacco,បារី ថ្នាំជក់,0.580,https://www.ceicdata.com/en/cambodia/consumer-price-index-phnom-penh-octdec-2006100-weights,Oct-Dec 2006=100
Division,03,Clothing and Footwear,សម្លៀកបំពាក់ និងស្បែកជើង,3.036,https://www.ceicdata.com/en/cambodia/consumer-price-index-phnom-penh-octdec-2006100-weights/consumer-price-index-weights-phnom-penh-pnp-clothing--footwear,Oct-Dec 2006=100
Group,03.1,Clothing,សម្លៀកបំពាក់,2.286,https://www.ceicdata.com/en/cambodia/consumer-price-index-phnom-penh-octdec-2006100-weights,Oct-Dec 2006=100
Class,03.1.2,Garments,ខោអាវ អាវយឺត ខោខូវប៊យ រ៉ូប,2.140,https://www.ceicdata.com/en/cambodia/consumer-price-index-phnom-penh-octdec-2006100-weights,Oct-Dec 2006=100
Class,03.1.3,Other articles of clothing and clothing accessories,គ្រឿងបន្ថែមសម្លៀកបំពាក់,0.146,https://www.ceicdata.com/en/cambodia/consumer-price-index-phnom-penh-octdec-2006100-weights,Oct-Dec 2006=100
Group,03.2,Footwear,ស្បែកជើង,0.750,https://www.ceicdata.com/en/cambodia/consumer-price-index-phnom-penh-octdec-2006100-weights,Oct-Dec 2006=100
Class,03.2.1,Shoes and other footwear,ស្បែកជើង ស្បែកជើងប៉ាតា ស្បែកជើងផ្ទាត់,0.750,https://www.ceicdata.com/en/cambodia/consumer-price-index-phnom-penh-octdec-2006100-weights,Oct-Dec 2006=100
Division,04,Housing Water Electricity Gas and Other Fuels,លំនៅឋាន ទឹក អគ្គិសនី ឧស្ម័ន និងឥន្ធនៈផ្សេងទៀត,17.084,https://www.ceicdata.com/en/cambodia/consumer-price-index-phnom-penh-octdec-2006100-weights/consumer-price-index-weights-phnom-penh-pnp-housing-water-electricity-gas--other-fuels,Oct-Dec 2006=100
Group,04.1,Actual rentals for housing,ថ្លៃឈ្នួលផ្ទះជាក់ស្តែង,9.420,https://www.ceicdata.com/en/cambodia/consumer-price-index-phnom-penh-octdec-2006100-weights,Oct-Dec 2006=100
Class,04.1.1,Actual rentals paid by tenants,ថ្លៃឈ្នួលផ្ទះ ឬបន្ទប់ជួល,9.420,https://www.ceicdata.com/en/cambodia/consumer-price-index-phnom-penh-octdec-2006100-weights,Oct-Dec 2006=100
Group,04.3,Maintenance and repair of the dwelling,ការថែទាំ និងជួសជុលលំនៅឋាន,1.120,https://www.ceicdata.com/en/cambodia/consumer-price-index-phnom-penh-octdec-2006100-weights,Oct-Dec 2006=100
Class,04.3.1,Materials for the maintenance and repair of the dwelling,សម្ភារៈជួសជុលលំនៅឋាន,1.120,https://www.ceicdata.com/en/cambodia/consumer-price-index-phnom-penh-octdec-2006100-weights,Oct-Dec 2006=100
Group,04.4,Water supply and miscellaneous services,ការផ្គត់ផ្គង់ទឹកស្អាត,1.860,https://www.ceicdata.com/en/cambodia/consumer-price-index-phnom-penh-octdec-2006100-weights,Oct-Dec 2006=100
Class,04.4.1,Water supply,ទឹកស្អាតរដ្ឋ,1.860,https://www.ceicdata.com/en/cambodia/consumer-price-index-phnom-penh-octdec-2006100-weights,Oct-Dec 2006=100
Group,04.5,Electricity gas and other fuels,អគ្គិសនី ហ្គាស និងឥន្ធនៈផ្សេងៗ,4.684,https://www.ceicdata.com/en/cambodia/consumer-price-index-phnom-penh-octdec-2006100-weights,Oct-Dec 2006=100
Class,04.5.1,Electricity,អគ្គិសនី អគ្គិសនីកម្ពុជា,2.820,https://www.ceicdata.com/en/cambodia/consumer-price-index-phnom-penh-octdec-2006100-weights,Oct-Dec 2006=100
Class,04.5.2,Gas,ហ្គាសដាំស្ល,1.650,https://www.ceicdata.com/en/cambodia/consumer-price-index-phnom-penh-octdec-2006100-weights,Oct-Dec 2006=100
Class,04.5.4,Solid fuels,ធ្យូង អុស,0.214,https://www.ceicdata.com/en/cambodia/consumer-price-index-phnom-penh-octdec-2006100-weights,Oct-Dec 2006=100
Division,05,Furnishings Household Equipment and Maintenance,គ្រឿងសង្ហារឹម ឧបករណ៍ប្រើប្រាស់ក្នុងផ្ទះ និងការថែទាំផ្ទះ,2.743,https://www.ceicdata.com/en/cambodia/consumer-price-index-phnom-penh-octdec-2006100-weights/consumer-price-index-weights-phnom-penh-pnp-furnishings-household-equipment--routine-household-maintenance,Oct-Dec 2006=100
Group,05.1,Furniture and furnishings,គ្រឿងសង្ហារឹម,0.820,https://www.ceicdata.com/en/cambodia/consumer-price-index-phnom-penh-octdec-2006100-weights,Oct-Dec 2006=100
Class,05.1.1,Furniture and furnishings,តុ កៅអី គ្រែ ពូក,0.820,https://www.ceicdata.com/en/cambodia/consumer-price-index-phnom-penh-octdec-2006100-weights,Oct-Dec 2006=100
Group,05.2,Household textiles,វាយនភណ្ឌប្រើប្រាស់ក្នុងផ្ទះ,0.450,https://www.ceicdata.com/en/cambodia/consumer-price-index-phnom-penh-octdec-2006100-weights,Oct-Dec 2006=100
Class,05.2.1,Household textiles,ភួយ កន្សែង កម្រាលពូក,0.450,https://www.ceicdata.com/en/cambodia/consumer-price-index-phnom-penh-octdec-2006100-weights,Oct-Dec 2006=100
Group,05.5,Glassware tableware and household utensils,ចាន កែវ និងសម្ភារៈផ្ទះបាយ,0.380,https://www.ceicdata.com/en/cambodia/consumer-price-index-phnom-penh-octdec-2006100-weights,Oct-Dec 2006=100
Class,05.5.1,Glassware tableware and household utensils,ចាន កែវ ឆ្នាំង ខ្ទះ,0.380,https://www.ceicdata.com/en/cambodia/consumer-price-index-phnom-penh-octdec-2006100-weights,Oct-Dec 2006=100
Group,05.6,Goods and services for routine maintenance,ទំនិញ និងសេវាកម្មសម្រាប់ថែទាំផ្ទះ,1.600,https://www.ceicdata.com/en/cambodia/consumer-price-index-phnom-penh-octdec-2006100-weights,Oct-Dec 2006=100
Class,05.6.1,Non-durable household goods,សាប៊ូបោកខោអាវ ទឹកលាងចាន ទឹកជូតឥដ្ឋ,1.600,https://www.ceicdata.com/en/cambodia/consumer-price-index-phnom-penh-octdec-2006100-weights,Oct-Dec 2006=100
Division,06,Health,សុខាភិបាល,5.141,https://www.ceicdata.com/en/cambodia/consumer-price-index-phnom-penh-octdec-2006100-weights/consumer-price-index-weights-phnom-penh-pnp-health,Oct-Dec 2006=100
Group,06.1,Medical products appliances and equipment,ផលិតផល ឧបករណ៍ និងសម្ភារៈវេជ្ជសាស្ត្រ,3.820,https://www.ceicdata.com/en/cambodia/consumer-price-index-phnom-penh-octdec-2006100-weights,Oct-Dec 2006=100
Class,06.1.1,Pharmaceutical products,ថ្នាំពេទ្យ ប៉ារ៉ាសេតាម៉ុល វីតាមីន,3.450,https://www.ceicdata.com/en/cambodia/consumer-price-index-phnom-penh-octdec-2006100-weights,Oct-Dec 2006=100
Class,06.1.2,Other medical products,បង់រុំរបួស ប្រេងកូឡា ម៉ាស់,0.370,https://www.ceicdata.com/en/cambodia/consumer-price-index-phnom-penh-octdec-2006100-weights,Oct-Dec 2006=100
Group,06.2,Out-patient services,សេវាអ្នកជំងឺក្រៅ,1.740,https://www.ceicdata.com/en/cambodia/consumer-price-index-phnom-penh-octdec-2006100-weights,Oct-Dec 2006=100
Class,06.2.1,Medical services,សេវាពិគ្រោះជំងឺ និងព្យាបាល,1.740,https://www.ceicdata.com/en/cambodia/consumer-price-index-phnom-penh-octdec-2006100-weights,Oct-Dec 2006=100
Division,07,Transport,ការដឹកជញ្ជូន,12.228,https://www.ceicdata.com/en/cambodia/consumer-price-index-phnom-penh-octdec-2006100-weights/consumer-price-index-weights-phnom-penh-pnp-transport,Oct-Dec 2006=100
Group,07.1,Purchase of vehicles,ការទិញមធ្យោបាយធ្វើដំណើរ,3.120,https://www.ceicdata.com/en/cambodia/consumer-price-index-phnom-penh-octdec-2006100-weights,Oct-Dec 2006=100
Class,07.1.2,Motorcycles,ម៉ូតូ ម៉ូតូស្កូតឺ,3.120,https://www.ceicdata.com/en/cambodia/consumer-price-index-phnom-penh-octdec-2006100-weights,Oct-Dec 2006=100
Group,07.2,Operation of personal transport equipment,ប្រតិបត្តិការឧបករណ៍ដឹកជញ្ជូនផ្ទាល់ខ្លួន,7.410,https://www.ceicdata.com/en/cambodia/consumer-price-index-phnom-penh-octdec-2006100-weights,Oct-Dec 2006=100
Class,07.2.2,Fuels and lubricants,សាំង ប្រេងសាំង ម៉ាស៊ូត,6.850,https://www.ceicdata.com/en/cambodia/consumer-price-index-phnom-penh-octdec-2006100-weights,Oct-Dec 2006=100
Class,07.2.3,Maintenance and repair of transport equipment,ការជួសជុល និងថែទាំម៉ូតូ/ឡាន,0.560,https://www.ceicdata.com/en/cambodia/consumer-price-index-phnom-penh-octdec-2006100-weights,Oct-Dec 2006=100
Group,07.3,Transport services,សេវាដឹកជញ្ជូន,1.650,https://www.ceicdata.com/en/cambodia/consumer-price-index-phnom-penh-octdec-2006100-weights,Oct-Dec 2006=100
Class,07.3.2,Passenger transport by bus coach and van,សំបុត្រឡានក្រុង និងរថយន្តឈ្នួល,1.650,https://www.ceicdata.com/en/cambodia/consumer-price-index-phnom-penh-octdec-2006100-weights,Oct-Dec 2006=100
Division,08,Communication,ការទំនាក់ទំនង,1.136,https://www.ceicdata.com/en/cambodia/consumer-price-index-phnom-penh-octdec-2006100-weights/consumer-price-index-weights-phnom-penh-pnp-communication,Oct-Dec 2006=100
Group,08.2,Telephone and communication equipment,ឧបករណ៍ទូរស័ព្ទ និងទំនាក់ទំនង,1.420,https://www.ceicdata.com/en/cambodia/consumer-price-index-phnom-penh-octdec-2006100-weights,Oct-Dec 2006=100
Class,08.2.0,Telephone equipment,ទូរស័ព្ទដៃ ស្មាតហ្វូន,1.420,https://www.ceicdata.com/en/cambodia/consumer-price-index-phnom-penh-octdec-2006100-weights,Oct-Dec 2006=100
Group,08.3,Telephone and telefax services,សេវាទូរស័ព្ទ និងទូរគមនាគមន៍,2.500,https://www.ceicdata.com/en/cambodia/consumer-price-index-phnom-penh-octdec-2006100-weights,Oct-Dec 2006=100
Class,08.3.0,Telephone and internet services,ស៊ីមកាត កាតទូរស័ព្ទ អ៊ីនធឺណិត,2.500,https://www.ceicdata.com/en/cambodia/consumer-price-index-phnom-penh-octdec-2006100-weights,Oct-Dec 2006=100
Division,09,Recreation and Culture,ការកម្សាន្ត និងវប្បធម៌,2.912,https://www.ceicdata.com/en/cambodia/consumer-price-index-phnom-penh-octdec-2006100-weights/consumer-price-index-weights-phnom-penh-pnp-recreation--culture,Oct-Dec 2006=100
Group,09.1,Audio-visual photographic and information processing equipment,ឧបករណ៍សំឡេង រូបភាព និងកុំព្យូទ័រ,1.180,https://www.ceicdata.com/en/cambodia/consumer-price-index-phnom-penh-octdec-2006100-weights,Oct-Dec 2006=100
Class,09.1.1,Equipment for reception recording and reproduction of sound and pictures,ទូរទស្សន៍ ធុងបាស កាស,0.620,https://www.ceicdata.com/en/cambodia/consumer-price-index-phnom-penh-octdec-2006100-weights,Oct-Dec 2006=100
Class,09.1.3,Information processing equipment,កុំព្យូទ័រ កុំព្យូទ័រយួរដៃ,0.560,https://www.ceicdata.com/en/cambodia/consumer-price-index-phnom-penh-octdec-2006100-weights,Oct-Dec 2006=100
Group,09.3,Other recreational items and equipment gardens and pets,សម្ភារៈកម្សាន្តផ្សេងៗ និងសត្វចិញ្ចឹម,0.420,https://www.ceicdata.com/en/cambodia/consumer-price-index-phnom-penh-octdec-2006100-weights,Oct-Dec 2006=100
Class,09.3.1,Games toys and hobbies,ប្រដាប់ក្មេងលេង ឧបករណ៍កីឡា,0.420,https://www.ceicdata.com/en/cambodia/consumer-price-index-phnom-penh-octdec-2006100-weights,Oct-Dec 2006=100
Group,09.5,Newspapers books and stationery,សៀវភៅ កាសែត និងសម្ភារៈការិយាល័យ,0.310,https://www.ceicdata.com/en/cambodia/consumer-price-index-phnom-penh-octdec-2006100-weights,Oct-Dec 2006=100
Class,09.5.1,Books and stationery,សៀវភៅ ប៊ិច សម្ភារៈសិក្សា,0.310,https://www.ceicdata.com/en/cambodia/consumer-price-index-phnom-penh-octdec-2006100-weights,Oct-Dec 2006=100
Division,10,Education,ការអប់រំ,1.174,https://www.ceicdata.com/en/cambodia/consumer-price-index-phnom-penh-octdec-2006100-weights/consumer-price-index-weights-phnom-penh-pnp-education,Oct-Dec 2006=100
Group,10.1,Education services,សេវាអប់រំ,1.510,https://www.ceicdata.com/en/cambodia/consumer-price-index-phnom-penh-octdec-2006100-weights,Oct-Dec 2006=100
Class,10.1.0,Pre-primary primary secondary and tertiary education,ថ្លៃសិក្សា សាលារៀន សាកលវិទ្យាល័យ,1.510,https://www.ceicdata.com/en/cambodia/consumer-price-index-phnom-penh-octdec-2006100-weights,Oct-Dec 2006=100
Division,11,Restaurants and Hotels,ភោជនីយដ្ឋាន និងសណ្ឋាគារ,5.861,https://www.ceicdata.com/en/cambodia/consumer-price-index-phnom-penh-octdec-2006100-weights/consumer-price-index-weights-phnom-penh-pnp-restaurants--hotels,Oct-Dec 2006=100
Group,11.1,Catering services,សេវាផ្គត់ផ្គង់ម្ហូបអាហារ,2.435,https://www.ceicdata.com/en/cambodia/consumer-price-index-phnom-penh-octdec-2006100-weights,Oct-Dec 2006=100
Class,11.1.1,Restaurants cafes and the like,អាហារដ្ឋាន ភោជនីយដ្ឋាន ហាងកាហ្វេ,2.435,https://www.ceicdata.com/en/cambodia/consumer-price-index-phnom-penh-octdec-2006100-weights,Oct-Dec 2006=100
Group,11.2,Accommodation services,សេវាស្នាក់នៅ,0.650,https://www.ceicdata.com/en/cambodia/consumer-price-index-phnom-penh-octdec-2006100-weights,Oct-Dec 2006=100
Class,11.2.0,Accommodation services,សណ្ឋាគារ ផ្ទះសំណាក់,0.650,https://www.ceicdata.com/en/cambodia/consumer-price-index-phnom-penh-octdec-2006100-weights,Oct-Dec 2006=100
Division,12,Miscellaneous Goods and Services,ទំនិញ និងសេវាកម្មផ្សេងៗ,2.285,https://www.ceicdata.com/en/cambodia/consumer-price-index-phnom-penh-octdec-2006100-weights/consumer-price-index-weights-phnom-penh-pnp-miscellaneous-goods--services,Oct-Dec 2006=100
Group,12.1,Personal care,ការថែទាំផ្ទាល់ខ្លួន,1.335,https://www.ceicdata.com/en/cambodia/consumer-price-index-phnom-penh-octdec-2006100-weights,Oct-Dec 2006=100
Class,12.1.1,Hairdressing salons and personal grooming,សាប៊ូកក់សក់ ក្រែមបន្ទន់សក់ កាត់សក់,0.405,https://www.ceicdata.com/en/cambodia/consumer-price-index-phnom-penh-octdec-2006100-weights,Oct-Dec 2006=100
Class,12.1.3,Other appliances articles and products for personal care,សាប៊ូដុសខ្លួន ថ្នាំដុសធ្មេញ ឡេ ក្រែម,0.930,https://www.ceicdata.com/en/cambodia/consumer-price-index-phnom-penh-octdec-2006100-weights,Oct-Dec 2006=100
Group,12.3,Personal effects n.e.c.,សម្ភារៈប្រើប្រាស់ផ្ទាល់ខ្លួនផ្សេងៗ,0.730,https://www.ceicdata.com/en/cambodia/consumer-price-index-phnom-penh-octdec-2006100-weights,Oct-Dec 2006=100
Class,12.3.1,Jewellery clocks and watches,គ្រឿងអលង្ការ នាឡិកាដៃ,0.410,https://www.ceicdata.com/en/cambodia/consumer-price-index-phnom-penh-octdec-2006100-weights,Oct-Dec 2006=100
Class,12.3.2,Other personal effects,កាបូប កាបូបយួរ កាបូបលុយ,0.320,https://www.ceicdata.com/en/cambodia/consumer-price-index-phnom-penh-octdec-2006100-weights,Oct-Dec 2006=100
