item_id,canonical_name,brand,coicop_code,package_size,store_count,available_stores,avg_price_khr,avg_price_usd,scrape_date
349837d9-27dc-40b5-ae01-229d5a31d000,TIGER PLASTER LARGE COOL,,01,652,3,aeon; communitypharma; delishop,12464.0,3.08,2026-08-23
5997db3f-cc01-49d7-9a82-f9ee41d638ca,EXTRA VIRGIN OLIVE OIL- L,,01.1.5,6,2,aeon; delishop,185748.0,45.93,2026-08-23
3a34ac3d-7fd5-4fa5-a146-ea8451955299,BERTOLLI EXTRA LIGHT TASTING OLIVE OIL L OIL,,01.1.5,11,2,aeon; delishop,150336.0,37.18,2026-08-23
5e8afaaa-85cb-4b5c-999e-bd753756bad5,T HW ESS BSC -CAR PK - J,,01,8,2,aeon; delishop,121410.0,30.02,2026-08-23
d38bd212-e5e6-4fdd-ac98-68bae35f73e0,BLACK KAMPOT PEPPER G,,01,18,2,aeon; delishop,117154.0,28.97,2026-08-23
ea44254c-2452-4606-a3ce-644f412b98ab,MINERAL WATER L PACK X - EVIAN,"{'id': 859, 'name': 'Evian', 'refId': 'evian', 'image': 'https://delishop.s3-ap-southeast-1.amazonaws.com/product/1737959469861', 'description': None}",01,12x1.5L,2,aeon; delishop,113024.0,27.95,2026-08-23
60ad6da5-2a22-4e16-9154-353561d97e8d,AFIAT CORN OIL L,,01.1.5,5,2,aeon; delishop,107038.0,26.47,2026-08-23
aeea4037-5670-4aa3-988f-a30403b6b179,MINERAL WATER ML PACK X - EVIAN,"{'id': 859, 'name': 'Evian', 'refId': 'evian', 'image': 'https://delishop.s3-ap-southeast-1.amazonaws.com/product/1737959469861', 'description': None}",01,24x330ml,2,aeon; delishop,106525.0,26.34,2026-08-23
93384bab-4967-46c3-8446-c4a182c1bffc,ARLA MOZZARELLA CHEESE DANISH KG,,01,6,2,aeon; delishop,105121.0,25.99,2026-08-23
ecddf638-0f65-4fda-ba78-af7515a9fcfa,RIO ORANGE FRUIT ML,,01,105,2,aeon; delishop,99680.0,24.65,2026-08-23
e4ebe052-4887-4d6e-b2bc-625916ab7caf,KESAR MENTHOL ML,,01,22,2,aeon; delishop,93080.0,23.02,2026-08-23
31642bb8-6a37-4cfd-8b0b-f96d750de610,SELA PEPPER ORGANIC,,01,30,2,aeon; delishop,93078.0,23.02,2026-08-23
c4f3d86d-debb-40b4-ad48-0ebb874b1e25,(DS) MAXIM MOCHA GOLD T,,01,57,2,aeon; delishop,91562.0,22.64,2026-08-23
aca9a68a-31f5-4b16-a9ff-4134412d5e58,EXTRA VIRGIN OLIVE OIL - PIETRO CORICELLI,,01,,2,aeon; delishop,90834.0,22.46,2026-08-23
660f3946-334d-4e3e-ac0a-9ca80c4854cf,BORGES EXTRA VIRGIN X L GLASS,,01.1.5,148,2,aeon; delishop,90050.0,22.27,2026-08-23
562cc8e4-d104-4a1f-b1e0-0dfef71a6125,KAMPOT BLACK PEPPER GOLDEN BOTTLE WITHGRINDER G,,01,26,2,aeon; delishop,88034.0,21.77,2026-08-23
27b1c62c-151e-4ee4-b106-a6d7850d93ad,S.PELLEGRINO L,,01,125,2,aeon; delishop,86629.0,21.42,2026-08-23
eb24db76-15dd-4696-8beb-04b816541c6e,ANGKOR SKY PINT ML* (CASE),,01,50,2,aeon; delishop,85102.0,21.04,2026-08-23
ab6e42d3-f5e8-4404-9d97-589e6c4999e8,SACHA INCHI OIL ML,,01,37,2,aeon; delishop,84507.0,20.9,2026-08-23
535a04bd-a106-4bfc-9448-84abfc7c9968,LIGHT EXTRA VIRGIN OLIVE OIL - COBRAM ESTATE,"{'id': 254, 'name': 'Cobram Estate', 'refId': 'cobram-estate', 'image': 'https://delishop.s3-ap-southeast-1.amazonaws.com/product/1733999075213', 'description': None}",01.1.5,750ml,2,aeon; delishop,83363.0,20.61,2026-08-23
c0214fa8-e54e-44a7-80e8-16733614974f,AFIAT CANOLA OIL L,,01,5,2,aeon; delishop,82762.0,20.47,2026-08-23
55fe9b93-b80f-4478-90e3-5119e3f1cc8f,CLASSIC OLIVE OIL - PIETRO CORICELLI,,01.1.5,,2,aeon; delishop,80740.0,19.97,2026-08-23
234edf28-7caa-401b-9150-001473bca53e,CAMBODIA SPORTS ION DRINK PET CASE,,01,15,2,aeon; delishop,80415.0,19.88,2026-08-23
d585b5d2-8ddd-4518-99cb-76a762c7fd28,EXTRA VIRGIN OLIVE OIL L,,01,13,2,aeon; delishop,80215.0,19.84,2026-08-23
267dd841-77b6-4deb-82e5-540ec604a363,SENSYLIA HOURS,,01,10,2,aeon; delishop,78609.0,19.44,2026-08-23
dc980441-c789-42dc-bafe-26eea5882cbb,BORGES CLASSIC OLIVE OIL X L GLASS,,01,137,2,aeon; delishop,78228.0,19.34,2026-08-23
4775613d-b794-4c65-9679-c3aa32a06c54,BARON DE LUZE RED BORDEAUX,,01,10,2,aeon; delishop,76817.0,19.0,2026-08-23
10f77e1c-5c78-4557-936d-c515c5b70b11,FERRERO ROCHER T G G,,01.1.8,,2,aeon; delishop,75893.0,18.77,2026-08-23
27edc805-14ec-4b0c-969d-6228fccbb466,BERTOLLI EXTRA LIGHT TASTING OLIVE OIL,,01.1.5,24,2,aeon; delishop,75681.0,18.71,2026-08-23
2bfaba81-1552-4d0d-b6e9-653a17cdb11e,EVIAN CL PET PRESTIGE NATURAL MINERAL WATER,,01,125,2,aeon; delishop,74822.0,18.5,2026-08-23
906e4e7e-f613-4109-9ca3-6c7ea3fca3fe,FIJI NATURAL ARTESIAN WATER ML,,01,125,2,aeon; delishop,73017.0,18.06,2026-08-23
4b2d964c-a11f-49cb-ab52-4b708934a095,"GREEN BIRD BIRD`S NEST SOUP WITH GINSENG, X G",,01,125,2,aeon; delishop,68585.0,16.96,2026-08-23
4b283dcc-827c-4569-8729-f9b578a8dcf1,NATURAL ARTESIAN WATER - FIJI,"{'id': 1011, 'name': 'Fiji', 'refId': 'fiji', 'image': 'https://delishop.s3-ap-southeast-1.amazonaws.com/product/1738321062902', 'description': ""By sharing water from Fiji's sustainable ancient artesian aquifer with the world and working to improve the lives and environment of its people, FIJI Water has embodied what it means to be Earth's Finest Water® since 1996.""}",01,24x330ml,2,aeon; delishop,66471.0,16.44,2026-08-23
4a89ac40-4185-4532-ad66-68ed1e1065e5,BEBE RELIEF CREAM ML,,01,11,2,aeon; delishop,64329.0,15.91,2026-08-23
43a3525e-117f-4535-a163-8c9fddc099b4,GSN VITAMIN C BOOSTER SERUM ML,,01,49,2,aeon; delishop,63232.0,15.64,2026-08-23
a6740423-3faa-444c-bc5c-473c65e67cae,ANGKOR SKY SLEEK CAN ML* (CASE),,01,50,2,aeon; delishop,63036.0,15.59,2026-08-23
7eb32f1d-d702-41d1-9b33-fd7c70ed8335,SIRUP MINT L,,01,125,2,aeon; delishop,62603.0,15.48,2026-08-23
bc815cf9-50c9-4b2e-84f9-988cd07b307d,FERRERO NUTELLA T,,01.1.8,131,2,aeon; delishop,61307.0,15.16,2026-08-23
a3433f0f-5db8-44c2-ad3b-ee65b4ca2264,NESTLE GOLD BLEND G,,01,16,2,aeon; delishop,60786.0,15.03,2026-08-23
740e273a-18fb-45ef-83d7-850b4910713f,POMACE OLIVE OIL - LATINO BELLA,,01.1.5,,2,aeon; delishop,60474.0,14.95,2026-08-23
1fa351de-fa99-4c44-87b2-1b5c62e5336d,CAMBODIAN COCONUT OIL- ML,,01,16,2,aeon; delishop,60474.0,14.95,2026-08-23
3b7e8511-ffd8-4d4e-94f5-4e84bb9c61b7,KEWPIE JAPANESE DRESSING ROASTED SESAME L,,01.1.7,112,2,aeon; delishop,60076.0,14.86,2026-08-23
be46cf94-a5f3-4049-8fb9-ceaa8dce7381,MOCHA GOLD MILK - MAXIM,,01,50x12g,2,aeon; delishop,59208.0,14.64,2026-08-23
8914e11c-9947-4348-9ec4-f8b67ec1ad9e,DRESSING CAESAR L- KEWPIE,,01,24,2,aeon; delishop,59071.0,14.61,2026-08-23
f606c426-181b-439d-887d-a48dbaed376c,EXCELLENCE CREME HAIR COLOR GOLDEN DARK BLONDE - L'ORÉAL,"{'id': 27, 'name': ""L'Oréal"", 'refId': 'loreal', 'image': 'https://delishop.s3-ap-southeast-1.amazonaws.com/product/1733976806944', 'description': ""L'Oréal is a globally known beauty brand offering a wide range of skincare, haircare, makeup, and hair color products. The brand is recognized for quality, innovation, and reliable performance. Developed with advanced research and modern technology, L'Oréal products are designed to meet everyday beauty and personal care needs. Trusted worldwide, L'Oréal combines effectiveness, style, and consistent quality.""}",01,1 Set,2,aeon; delishop,58688.0,14.51,2026-08-23
e7230586-3421-4502-8f8e-5262027d1ea7,"KEWPIE DRESSING THOUSAND ISLAND, L",,01,71,2,aeon; delishop,57671.0,14.26,2026-08-23
01189423-9ef7-45df-b31a-4aaf8930691e,BEST FOOD MAGARINE KG.*,,01.1.5,22,2,aeon; delishop,56972.0,14.09,2026-08-23
ce45866f-37a6-441b-b429-9bbc620eff8f,LOREAL TRIPLE CARE COLOR DARK GOLDEN MAHOGANY,,01,,2,aeon; delishop,56959.0,14.08,2026-08-23
c1895b98-3086-4b5d-91a6-1caa956473f6,LOREAL TRIPLE CARE COLOR DARK CARAMEL BROWN #,,01,3,2,aeon; delishop,56959.0,14.08,2026-08-23
37f9cb4e-e8c8-4b60-be31-9c91651c9351,EXTRA VIRGIN OLIVE OIL,,01.1.5,57,2,aeon; delishop,55549.0,13.74,2026-08-23
5ed50ac2-c955-4332-b75b-0b656f5da3c5,WHIPPING CREAM % L,,01,20,2,aeon; delishop,55529.0,13.73,2026-08-23
29cedd74-f29d-4cf8-bf81-ad9db2825e3b,"MINIMALISTAMALBEC, ARGENTINA",,01,10,2,aeon; delishop,54638.0,13.51,2026-08-23
fbfd6e56-9d12-4ac1-86c9-8b536f39ee3f,VAGISIL FEMININE WASH (ODOUR CONTROL) ML,,01,9,2,aeon; delishop,53223.0,13.16,2026-08-23
3620099f-8d8f-4464-83f4-ff3f9c1a6ff9,EXTRA VIRGIN OLIVE OIL - LATINO BELLA,,01.1.5,,2,aeon; delishop,52148.0,12.9,2026-08-23
ac662fc6-76d7-4ab0-85eb-afa8830c4190,POMACE OLIVE OIL - PIETRO CORICELLI,,01,,2,aeon; delishop,51375.0,12.7,2026-08-23
fcdd68af-f15d-4a1a-855d-0601cda0ce2c,LABEL CLASSIC BLACK L,,01,44,2,aeon; delishop,50872.0,12.58,2026-08-23
b80cd1cf-0aeb-4667-9cbc-67936a2cd6dc,BORGES EXTRA VIRGIN CL,,01,6,2,aeon; delishop,49773.0,12.31,2026-08-23
66b4b613-f852-4a97-9303-e340377683cd,PREMIUM SUNFLOWER OIL - AFIAT,"{'id': 443, 'name': 'Afiat', 'refId': 'afiat', 'image': 'https://delishop.s3-ap-southeast-1.amazonaws.com/product/1737709649720', 'description': None}",01.1.5,2L,2,aeon; delishop,48621.0,12.02,2026-08-23
e54a3108-6bb0-4e35-a2a3-7140964653f8,CARBONELL OLIVE OIL ML,,01,15,2,aeon; delishop,47831.0,11.83,2026-08-23
846677ea-4d58-4850-bf8f-db67e2d50f04,"LUTOSA STRAIGHT CUT FRENCH FRIES / """,,01,1,2,aeon; delishop,47527.0,11.75,2026-08-23
22cdb34c-ab4e-49dd-b877-c06c54b58a9d,"EMBORG SOUR CREAM, % FAT L",,01,45,2,aeon; delishop,46452.0,11.49,2026-08-23
f18f4e27-339a-4ae6-9b05-56c525c7d631,SEA GRAPE (UMI BUDOU) G,,01,20,2,aeon; delishop,46342.0,11.46,2026-08-23
b4cb3ae5-f6dd-4c0a-8ba7-58311ca5bc29,STING POWER ML (CASE),,01,15,2,aeon; delishop,46213.0,11.43,2026-08-23
c2087f16-b828-4443-a67d-857e95e72456,HANUMAN BLACK CAN ML PCS,,01,1035,2,aeon; delishop,46183.0,11.42,2026-08-23
55d887de-5641-40b4-9752-46a101fa9698,EMBORG UHT WHIPPING CREAM L,,01,85,2,aeon; delishop,46134.0,11.41,2026-08-23
401278e1-b5ec-4d67-a568-5569d80d1086,PRESIDENT UHT WHIPPING CREAM L,,01,29,2,aeon; delishop,45845.0,11.34,2026-08-23
c9989f12-411d-4074-a033-5760b17a9f85,STING BLUE CAN ML CASE,,01,15,2,aeon; delishop,45211.0,11.18,2026-08-23
a4ee64c3-db2a-4657-9296-705c7cad8d25,"GREEN BIRD BIRD`S NEST SOUP WITH ROCK SUGAR, X G",,01,125,2,aeon; delishop,45101.0,11.15,2026-08-23
b91281e6-b4db-4d92-80f7-e859083a2714,WHITE KAMPOT PEPPER G,,01,14,2,aeon; delishop,44542.0,11.01,2026-08-23
624fb77e-250d-4af3-b9b8-5f028dd0f1a4,FERRERO ROCHER T COLLECTION G,,01.1.8,,2,aeon; delishop,44394.0,10.98,2026-08-23
a3b4b7f0-34c8-4b9a-8ce6-169d99ccb782,AFIAT CORN OIL,,01,23,2,aeon; delishop,43989.0,10.88,2026-08-23
1f3bc944-6a27-4854-94d6-594d1bf8e5df,"GRADE A IBIS RICE, SEMI-MILLED KG",,01,15,2,aeon; delishop,43492.0,10.75,2026-08-23
59e98532-cbb4-4105-b21f-e4c5752e6312,"GRADE A IBIS RICE, WHITE KG",,01,7,2,aeon; delishop,43492.0,10.75,2026-08-23
86b50c32-519d-4108-91c7-f4f251a0187d,YEO`S WINTER MELON TEA ML X,,01,125,2,aeon; delishop,43101.0,10.66,2026-08-23
1858cd68-60a4-4fb4-8cf4-8e8556b26670,KUMANO SOY MILK THE BODY SOAP ML,,01,Soap,2,aeon; communitypharma,42503.0,10.51,2026-08-23
ba59551d-72e3-4664-9d3f-94a9673fc250,E & V ROLLS SALTED BUTTER % G,,01,36,2,aeon; delishop,42301.0,10.46,2026-08-23
9599519f-bf2c-42e1-91c0-2a2ab4330e21,SELSUN ML,,01,64,2,aeon; communitypharma,42169.0,10.43,2026-08-23
8e488654-9728-4469-9120-02877313634f,COMFORT ULTRA BLUE SOFTENER ML,,01,44,2,aeon; delishop,41382.0,10.23,2026-08-23
d4c1e7f9-b9d7-4673-b46c-e4944e89a674,ANCHOR WHIPPING CREAM NORMAL L,,01,83,2,aeon; delishop,41088.0,10.16,2026-08-23
aff9894f-d180-4b53-ad4e-a8d228fa6def,SUNPARK CORN OIL L,,01,16,2,aeon; delishop,40871.0,10.11,2026-08-23
df8e5edd-2be8-47af-8493-a5e8bfc2bb6f,HONEY SAVE WILDLIFE ML,,01.1.8,26,2,aeon; delishop,40553.0,10.03,2026-08-23
f20c8c9c-b9fa-4c8c-9223-5f567475c62c,WHITE KAMPOT PEPPER GRINDER G,,01,65,2,aeon; delishop,40470.0,10.01,2026-08-23
325ce6d4-61d4-4fca-8c6b-37d8744bd368,DOWNY REFILL LX - MYSTIQUE,,01,57,2,aeon; delishop,39961.0,9.88,2026-08-23
9e63a4ef-102c-424f-a501-6ace97e97e5a,KNORR CHICKEN SEASONING POWDER NAM SG G,,01,33,2,aeon; delishop,39571.0,9.79,2026-08-23
94e492d5-e89a-4a4d-8924-4118619df37e,DANISA BC G (SNACK),,01,168,2,aeon; delishop,39565.0,9.78,2026-08-23
54c19b11-3b68-432d-810d-e3f237f54cdb,SMOKED PORK BACON SLICE G,,01,20,2,aeon; delishop,39556.0,9.78,2026-08-23
65c44962-3bc1-4972-ad52-3c89b5ab7b6b,SELA SALTED PEPPER G,,01,22,2,aeon; delishop,39470.0,9.76,2026-08-23
7a490d9d-8c98-40df-9979-5585e85c090c,G SAUVIGNON BLANC,,01,,2,aeon; delishop,39380.0,9.74,2026-08-23
4667f912-2672-481d-aee4-089fba24d728,G CARMENERE,,01,,2,aeon; delishop,39178.0,9.69,2026-08-23
4b2ae83a-d629-4cc1-bc61-7eafcec14929,THE HENAFF DUCK RILETTES X X G,,01.1.2,12,2,aeon; delishop,39167.0,9.69,2026-08-23
6f9e5cdf-3802-4de3-9a0e-d8966404c930,ROSKEN SENSITIVE SKIN CREAM,,01,10,2,aeon; delishop,38930.0,9.63,2026-08-23
b59a3859-dbf4-49ea-b629-b1c387049f05,MORINGA LEAF POWDER G/PACK,,01,35,2,aeon; delishop,38835.0,9.6,2026-08-23
f4a59522-0be5-42b7-b299-4c09a74f73b6,JOHN VILLE COOKED BRATWURST G,,01,,2,aeon; delishop,38668.0,9.56,2026-08-23
43fb25a0-05bd-4554-a65b-adea253dabe2,KIRUM ORGANIC KIRUM KAMPOT RED PEPPER SMOK G,,01,47,2,aeon; delishop,38345.0,9.48,2026-08-23
d607e6e9-d0f0-4943-bc59-156a4601a689,KIRUM ORGANIC KIRUM KAMPOT WHITE PEPPER SMOK G,,01,58,2,aeon; delishop,38345.0,9.48,2026-08-23
5fecad0a-7628-454c-8497-e407013f4a42,"EMBORG WHIPPED SPRAY CREAM SWEETENED, ML",,01,149,2,aeon; delishop,38044.0,9.41,2026-08-23
bd48d3aa-73e5-41ff-a4f5-a5eb724491cb,AFIAT CANOLA OIL,,01,12,2,aeon; delishop,37859.0,9.36,2026-08-23
77fb82ac-680e-4869-a1bd-e521d391eac3,BLACK PEPPER CORN IN BOTTLE G,,01,20,2,aeon; delishop,37852.0,9.36,2026-08-23
f8de21cc-b2ab-436f-a3f6-b3690239a30f,PRESIDENT UHT HALF CREAM % FOR COOKING L,,01,,2,aeon; delishop,37751.0,9.34,2026-08-23
55196732-b8ed-4d39-8ab9-67a9c919105b,AFIAT SOYA BEAN OIL L,,01.1.5,12,2,aeon; delishop,37719.0,9.33,2026-08-23
